-- phpMyAdmin SQL Dump
-- version 4.0.9
-- http://www.phpmyadmin.net
--
-- Host: 127.0.0.1
-- Generation Time: Sep 01, 2014 at 04:54 AM
-- Server version: 5.5.34
-- PHP Version: 5.4.22

SET SQL_MODE = "NO_AUTO_VALUE_ON_ZERO";
SET time_zone = "+00:00";


/*!40101 SET @OLD_CHARACTER_SET_CLIENT=@@CHARACTER_SET_CLIENT */;
/*!40101 SET @OLD_CHARACTER_SET_RESULTS=@@CHARACTER_SET_RESULTS */;
/*!40101 SET @OLD_COLLATION_CONNECTION=@@COLLATION_CONNECTION */;
/*!40101 SET NAMES utf8 */;

--
-- Database: `amyslist_ci`
--

-- --------------------------------------------------------

--
-- Table structure for table `blog`
--

CREATE TABLE IF NOT EXISTS `blog` (
  `blog_id` bigint(11) NOT NULL AUTO_INCREMENT,
  `user_id` bigint(11) NOT NULL,
  `ref_id` varchar(255) NOT NULL,
  `title` varchar(255) NOT NULL,
  `location` tinytext NOT NULL,
  `description` text NOT NULL,
  `video_link` varchar(255) DEFAULT NULL,
  `facebook_link` varchar(255) DEFAULT NULL,
  `twitter_link` varchar(255) DEFAULT NULL,
  `gplus_link` varchar(255) DEFAULT NULL,
  `tumblr_link` varchar(255) DEFAULT NULL,
  `pinterest_link` varchar(255) DEFAULT NULL,
  `other_link` varchar(255) DEFAULT NULL,
  `latitude` decimal(12,6) NOT NULL DEFAULT '0.000000',
  `longitude` decimal(12,6) NOT NULL DEFAULT '0.000000',
  `created` timestamp NOT NULL DEFAULT CURRENT_TIMESTAMP,
  `updated` datetime DEFAULT NULL,
  PRIMARY KEY (`blog_id`)
) ENGINE=InnoDB DEFAULT CHARSET=latin1 AUTO_INCREMENT=1 ;

-- --------------------------------------------------------

--
-- Table structure for table `blog_picture`
--

CREATE TABLE IF NOT EXISTS `blog_picture` (
  `picture_id` bigint(20) NOT NULL AUTO_INCREMENT,
  `blog_id` bigint(20) NOT NULL,
  `pic_file_name` varchar(255) NOT NULL,
  `pic_description` text,
  PRIMARY KEY (`picture_id`)
) ENGINE=InnoDB DEFAULT CHARSET=latin1 AUTO_INCREMENT=1 ;

-- --------------------------------------------------------

--
-- Table structure for table `categories`
--

CREATE TABLE IF NOT EXISTS `categories` (
  `id` int(20) NOT NULL AUTO_INCREMENT,
  `parent_id` int(20) NOT NULL DEFAULT '0',
  `category_name` varchar(40) NOT NULL,
  `created_at` timestamp NOT NULL DEFAULT CURRENT_TIMESTAMP,
  `updated_at` datetime DEFAULT NULL,
  `url_category_name` varchar(255) NOT NULL,
  PRIMARY KEY (`id`)
) ENGINE=InnoDB  DEFAULT CHARSET=latin1 AUTO_INCREMENT=193 ;

--
-- Dumping data for table `categories`
--

INSERT INTO `categories` (`id`, `parent_id`, `category_name`, `created_at`, `updated_at`, `url_category_name`) VALUES
(1, 0, 'For Sale', '2014-08-27 16:32:01', NULL, 'for-sale'),
(2, 0, 'Employment', '2014-08-27 16:32:01', NULL, 'employment'),
(3, 0, 'Housing', '2014-08-27 16:32:25', NULL, 'housing'),
(4, 0, 'Services', '2014-08-27 16:32:25', NULL, 'services'),
(5, 0, 'Gigs Side Job', '2014-08-27 16:32:42', NULL, 'gigs-side-job'),
(6, 0, 'Personals', '2014-08-27 16:32:42', NULL, 'personals'),
(7, 0, 'Neighborhood', '2014-08-27 16:32:56', NULL, 'neighborhood'),
(8, 0, 'Blogs and Vlogs', '2014-08-27 16:32:56', NULL, 'blogs-and-vlogs'),
(9, 0, 'Video', '2014-08-27 16:33:46', NULL, 'video'),
(11, 1, 'Arts and Crafts', '2014-08-27 16:36:18', NULL, 'arts-and-crafts'),
(12, 1, 'Antique Goods', '2014-08-27 16:36:18', NULL, 'antique-goods'),
(13, 1, 'Auto Parts', '2014-08-27 16:36:18', NULL, 'auto-parts'),
(14, 1, 'Baby Stuff', '2014-08-27 16:36:18', NULL, 'baby-stuff'),
(15, 1, 'Beauty/Health', '2014-08-27 16:36:18', NULL, 'beauty-health'),
(16, 1, 'Bicycles', '2014-08-27 16:36:18', NULL, 'bicycles'),
(17, 1, 'Boats/Water', '2014-08-27 16:36:18', NULL, 'boats-water'),
(18, 1, 'Books', '2014-08-27 16:36:18', NULL, 'books'),
(19, 1, 'Business', '2014-08-27 16:36:18', NULL, 'business'),
(20, 1, 'Cars', '2014-08-27 16:36:18', NULL, 'cars'),
(21, 1, 'Cell Phones', '2014-08-27 16:38:36', NULL, 'cell-phones'),
(22, 1, 'DVDs/CDs', '2014-08-27 16:38:36', NULL, 'dvds-cds'),
(23, 1, 'Cameras', '2014-08-27 16:38:36', NULL, 'cameras'),
(24, 1, 'Computers', '2014-08-27 16:38:36', NULL, 'computers'),
(25, 1, 'Clothing', '2014-08-27 16:38:36', NULL, 'clothing'),
(26, 1, 'Collectibles', '2014-08-27 16:38:36', NULL, 'collectibles'),
(27, 1, 'Electronics', '2014-08-27 16:38:36', NULL, 'electronics'),
(28, 1, 'Free Stuff', '2014-08-27 16:38:36', NULL, 'free-stuff'),
(29, 1, 'Furniture', '2014-08-27 16:38:36', NULL, 'furniture'),
(30, 1, 'Games/Toys', '2014-08-27 16:38:36', NULL, 'games-toys'),
(31, 1, 'Garage Sales', '2014-08-27 16:38:36', NULL, 'garage-sales'),
(32, 1, 'Garden/Farms', '2014-08-27 16:38:36', NULL, 'garden-farms'),
(33, 1, 'Gift Certificates', '2014-08-27 16:38:36', NULL, 'gift-certificates'),
(34, 1, 'Home Appliances', '2014-08-27 16:38:36', NULL, 'home-appliances'),
(35, 1, 'Housing Items', '2014-08-27 16:38:36', NULL, 'housing-items'),
(36, 1, 'Jewerly/Bling', '2014-08-27 16:38:36', NULL, 'jewerly-bling'),
(37, 1, 'Materials', '2014-08-27 16:38:36', NULL, 'materials'),
(38, 1, 'Music Equip', '2014-08-27 16:38:36', NULL, 'music-equip'),
(39, 1, 'Motorcycles', '2014-08-27 16:38:36', NULL, 'motorcycles'),
(40, 1, 'RV/Motor Homes', '2014-08-27 16:38:36', NULL, 'rv-motor-homes'),
(41, 1, 'Sporting Equip', '2014-08-27 16:38:36', NULL, 'sporting-equip'),
(42, 1, 'Tickets', '2014-08-27 16:38:36', NULL, 'tickets'),
(43, 1, 'Tools', '2014-08-27 16:38:36', NULL, 'tools'),
(44, 1, 'Let''s Trade', '2014-08-27 16:38:36', NULL, 'lets-trade'),
(45, 1, 'Video Games', '2014-08-27 16:38:36', NULL, 'video-games'),
(46, 1, 'Other', '2014-08-27 16:38:36', NULL, 'other'),
(47, 2, 'Accounting', '2014-08-27 16:43:13', NULL, 'accounting'),
(48, 2, 'Administration', '2014-08-27 16:43:13', NULL, 'administration'),
(49, 2, 'Advertising/PR', '2014-08-27 16:43:13', NULL, 'advertising-pr'),
(50, 2, 'Beauty/Salon/Spa', '2014-08-27 16:43:13', NULL, 'beauty-salon-spa'),
(51, 2, 'Business Mgmt', '2014-08-27 16:43:13', NULL, 'business-mgmt'),
(52, 2, 'Construction', '2014-08-27 16:43:13', NULL, 'construction'),
(53, 2, 'Customer Service', '2014-08-27 16:43:13', NULL, 'customer-service'),
(54, 2, 'Education', '2014-08-27 16:43:13', NULL, 'education'),
(55, 2, 'Finance', '2014-08-27 16:43:13', NULL, 'finance'),
(56, 2, 'Fitness', '2014-08-27 16:43:13', NULL, 'fitness'),
(57, 2, 'Film/TV/Video', '2014-08-27 16:43:13', NULL, 'film-tv-video'),
(58, 2, 'Engineering - Arch', '2014-08-27 16:43:13', NULL, 'engineering---arch'),
(59, 2, 'Engineering - Web', '2014-08-27 16:43:13', NULL, 'engineering---web'),
(60, 2, 'Government', '2014-08-27 16:43:13', NULL, 'government'),
(61, 2, 'Health/Human Services', '2014-08-27 16:43:13', NULL, 'health-human-services'),
(62, 2, 'Hospitality', '2014-08-27 16:43:13', NULL, 'hospitality'),
(63, 2, 'Human Resources', '2014-08-27 16:43:13', NULL, 'human-resources'),
(64, 2, 'Insurance', '2014-08-27 16:43:13', NULL, 'insurance'),
(65, 2, 'Labor', '2014-08-27 16:43:13', NULL, 'labor'),
(66, 2, 'Law/Paralegal', '2014-08-27 16:43:13', NULL, 'law-paralegal'),
(67, 2, 'Marketing/Sales', '2014-08-27 16:43:13', NULL, 'marketing-sales'),
(68, 2, 'Multimedia/Design', '2014-08-27 16:43:13', NULL, 'multimedia-design'),
(69, 2, 'Medical', '2014-08-27 16:43:13', NULL, 'medical'),
(70, 2, 'Network Systems', '2014-08-27 16:43:13', NULL, 'network-systems'),
(71, 2, 'Non Profit', '2014-08-27 16:43:13', NULL, 'non-profit'),
(72, 2, 'Real Estate/Property', '2014-08-27 16:43:13', NULL, 'real-estate-property'),
(73, 2, 'Restaurant/Food/Bev', '2014-08-27 16:43:13', NULL, 'restaurant-food-bev'),
(74, 2, 'Retail', '2014-08-27 16:43:13', NULL, 'retail'),
(75, 2, 'Science/Biotech', '2014-08-27 16:43:13', NULL, 'science-biotech'),
(76, 2, 'Security', '2014-08-27 16:43:13', NULL, 'security'),
(77, 2, 'Tech Support', '2014-08-27 16:43:13', NULL, 'tech-support'),
(78, 2, 'Transportation', '2014-08-27 16:43:13', NULL, 'transportation'),
(79, 2, 'Web/Info/Design', '2014-08-27 16:43:13', NULL, 'web-info-design'),
(80, 2, 'Part Time/Other', '2014-08-27 16:43:13', NULL, 'part-time-other'),
(81, 3, 'Rooms for Rent', '2014-08-27 16:45:00', NULL, 'rooms-for-rent'),
(82, 3, 'Apartments For Rent', '2014-08-27 16:45:00', NULL, 'apartments-for-rent'),
(83, 3, 'Houses For Rent', '2014-08-27 16:45:00', NULL, 'houses-for-rent'),
(84, 3, 'Sublease/Temp', '2014-08-27 16:45:00', NULL, 'sublease-temp'),
(85, 3, 'Commercial/Office', '2014-08-27 16:45:00', NULL, 'commercial-office'),
(86, 3, 'Vacation Rentals', '2014-08-27 16:45:00', NULL, 'vacation-rentals'),
(87, 3, 'Swap Housing', '2014-08-27 16:45:00', NULL, 'swap-housing'),
(88, 3, 'Storage/Parking', '2014-08-27 16:45:00', NULL, 'storage-parking'),
(89, 3, 'Housing Wanted', '2014-08-27 16:45:00', NULL, 'housing-wanted'),
(90, 3, 'Roommates Wanted', '2014-08-27 16:45:00', NULL, 'roommates-wanted'),
(91, 3, 'Couch Surfing', '2014-08-27 16:45:00', NULL, 'couch-surfing'),
(92, 82, 'Apartments by Owner Only', '2014-08-27 16:46:04', NULL, 'apartments-by-owner-only'),
(93, 82, 'Apartments w/ a Broker Fee', '2014-08-27 16:46:04', NULL, 'apartments-w--a-broker-fee'),
(94, 82, 'Apartments w/ no fee Broker Listings', '2014-08-27 16:46:04', NULL, 'apartments-w--no-fee-broker-listings'),
(95, 4, 'Automotive', '2014-08-27 16:48:48', NULL, 'automotive'),
(96, 4, 'Handy/Skill Trade', '2014-08-27 16:48:48', NULL, 'handy-skill-trade'),
(97, 4, 'Health/Beauty', '2014-08-27 16:48:48', NULL, 'health-beauty'),
(98, 4, 'Computer Repair', '2014-08-27 16:48:48', NULL, 'computer-repair'),
(99, 4, 'Garden/Landscape', '2014-08-27 16:48:48', NULL, 'garden-landscape'),
(100, 4, 'Creative', '2014-08-27 16:48:48', NULL, 'creative'),
(101, 4, 'Events', '2014-08-27 16:48:48', NULL, 'events'),
(102, 4, 'Financial', '2014-08-27 16:48:48', NULL, 'financial'),
(103, 4, 'Legal', '2014-08-27 16:48:48', NULL, 'legal'),
(104, 4, 'Lessons/Classes', '2014-08-27 16:48:48', NULL, 'lessons-classes'),
(105, 4, 'Pets', '2014-08-27 16:48:48', NULL, 'pets'),
(106, 4, 'Domestic/Household', '2014-08-27 16:48:48', NULL, 'domestic-household'),
(107, 4, 'Labor', '2014-08-27 16:48:48', NULL, 'labor'),
(108, 4, 'Moving', '2014-08-27 16:48:48', NULL, 'moving'),
(109, 4, 'Real Estate', '2014-08-27 16:48:48', NULL, 'real-estate'),
(110, 4, 'Therapeutic', '2014-08-27 16:48:48', NULL, 'therapeutic'),
(111, 4, 'Vacation/Travel', '2014-08-27 16:48:48', NULL, 'vacation-travel'),
(112, 4, 'Video/Multimedia', '2014-08-27 16:48:48', NULL, 'video-multimedia'),
(113, 4, 'Writing/Editing', '2014-08-27 16:48:48', NULL, 'writing-editing'),
(114, 5, 'Cleaning/Domestic', '2014-08-27 16:49:41', NULL, 'cleaning-domestic'),
(115, 5, 'Computers', '2014-08-27 16:49:41', NULL, 'computers'),
(116, 5, 'Events', '2014-08-27 16:49:41', NULL, 'events'),
(117, 5, 'Labor', '2014-08-27 16:49:41', NULL, 'labor'),
(118, 5, 'Modeling/Talent', '2014-08-27 16:49:41', NULL, 'modeling-talent'),
(119, 5, 'Production/Crew', '2014-08-27 16:49:41', NULL, 'production-crew'),
(120, 5, 'Writing/Creative', '2014-08-27 16:49:41', NULL, 'writing-creative'),
(121, 6, 'Women for Men', '2014-08-27 16:50:58', NULL, 'women-for-men'),
(122, 6, 'Men for Women', '2014-08-27 16:50:58', NULL, 'men-for-women'),
(123, 6, 'Women - Women', '2014-08-27 16:50:58', NULL, 'women---women'),
(124, 6, 'Men - Men', '2014-08-27 16:50:58', NULL, 'men---men'),
(125, 6, 'Platonic Only', '2014-08-27 16:50:58', NULL, 'platonic-only'),
(126, 6, 'Missed Connections', '2014-08-27 16:50:58', NULL, 'missed-connections'),
(127, 6, 'I Want To Fall in Love', '2014-08-27 16:50:58', NULL, 'i-want-to-fall-in-love'),
(128, 6, 'Bromance', '2014-08-27 16:50:58', NULL, 'bromance'),
(129, 7, 'Activities', '2014-08-27 16:52:37', NULL, 'activities'),
(130, 7, 'Artist', '2014-08-27 16:52:37', NULL, 'artist'),
(131, 7, 'Childcare', '2014-08-27 16:52:37', NULL, 'childcare'),
(132, 7, 'Classes', '2014-08-27 16:52:37', NULL, 'classes'),
(133, 7, 'Events', '2014-08-27 16:52:37', NULL, 'events'),
(134, 7, 'General', '2014-08-27 16:52:37', NULL, 'general'),
(135, 7, 'Groups', '2014-08-27 16:52:37', NULL, 'groups'),
(136, 7, 'Help', '2014-08-27 16:52:37', NULL, 'help'),
(137, 7, 'Lost and Found', '2014-08-27 16:52:37', NULL, 'lost-and-found'),
(138, 7, 'Musicians', '2014-08-27 16:52:37', NULL, 'musicians'),
(139, 7, 'Pets', '2014-08-27 16:52:37', NULL, 'pets'),
(140, 7, 'Politics', '2014-08-27 16:52:38', NULL, 'politics'),
(141, 7, 'Rideshare', '2014-08-27 16:52:38', NULL, 'rideshare'),
(142, 7, 'Volunteers', '2014-08-27 16:52:38', NULL, 'volunteers'),
(143, 8, 'Arts', '2014-08-27 16:56:54', NULL, 'arts'),
(144, 8, 'Beauty', '2014-08-27 16:56:54', NULL, 'beauty'),
(145, 8, 'Business', '2014-08-27 16:56:54', NULL, 'business'),
(146, 8, 'Celebs', '2014-08-27 16:56:54', NULL, 'celebs'),
(147, 8, 'Cinema', '2014-08-27 16:56:54', NULL, 'cinema'),
(148, 8, 'Computers', '2014-08-27 16:56:54', NULL, 'computers'),
(149, 8, 'Counsel', '2014-08-27 16:56:54', NULL, 'counsel'),
(150, 8, 'Diets', '2014-08-27 16:56:54', NULL, 'diets'),
(151, 8, 'Divoce', '2014-08-27 16:56:54', NULL, 'divoce'),
(152, 8, 'Death', '2014-08-27 16:56:54', NULL, 'death'),
(153, 8, 'Economy', '2014-08-27 16:56:54', NULL, 'economy'),
(154, 8, 'Education', '2014-08-27 16:56:54', NULL, 'education'),
(155, 8, 'Fitness', '2014-08-27 16:56:54', NULL, 'fitness'),
(156, 8, 'Food', '2014-08-27 16:56:54', NULL, 'food'),
(157, 8, 'Garden', '2014-08-27 16:56:54', NULL, 'garden'),
(158, 8, 'Health', '2014-08-27 16:56:54', NULL, 'health'),
(159, 8, 'History', '2014-08-27 16:56:54', NULL, 'history'),
(160, 8, 'Jokes', '2014-08-27 16:56:54', NULL, 'jokes'),
(161, 8, 'Legal', '2014-08-27 16:56:54', NULL, 'legal'),
(162, 8, 'Life', '2014-08-27 16:56:54', NULL, 'life'),
(163, 8, 'Advice', '2014-08-27 16:56:54', NULL, 'advice'),
(164, 8, 'Marriage', '2014-08-27 16:56:54', NULL, 'marriage'),
(165, 8, 'Memes', '2014-08-27 16:56:54', NULL, 'memes'),
(166, 8, 'Men', '2014-08-27 16:56:54', NULL, 'men'),
(167, 8, 'Music', '2014-08-27 16:56:54', NULL, 'music'),
(168, 8, 'News', '2014-08-27 16:56:54', NULL, 'news'),
(169, 8, 'Parents', '2014-08-27 16:56:54', NULL, 'parents'),
(170, 8, 'Pets', '2014-08-27 16:56:54', NULL, 'pets'),
(171, 8, 'Philos', '2014-08-27 16:56:54', NULL, 'philos'),
(172, 8, 'Politics', '2014-08-27 16:56:54', NULL, 'politics'),
(173, 8, 'Quotes', '2014-08-27 16:56:54', NULL, 'quotes'),
(174, 8, 'Rehab', '2014-08-27 16:56:54', NULL, 'rehab'),
(175, 8, 'Retire', '2014-08-27 16:56:54', NULL, 'retire'),
(176, 8, 'Religion', '2014-08-27 16:56:54', NULL, 'religion'),
(177, 8, 'Science', '2014-08-27 16:56:54', NULL, 'science'),
(178, 8, 'Space', '2014-08-27 16:56:54', NULL, 'space'),
(179, 8, 'Sports', '2014-08-27 16:56:54', NULL, 'sports'),
(180, 8, 'Stories', '2014-08-27 16:56:54', NULL, 'stories'),
(181, 8, 'Tech', '2014-08-27 16:56:54', NULL, 'tech'),
(182, 8, 'Travel', '2014-08-27 16:56:54', NULL, 'travel'),
(183, 8, 'UFC', '2014-08-27 16:56:54', NULL, 'ufc'),
(184, 8, 'Vacation', '2014-08-27 16:56:54', NULL, 'vacation'),
(185, 8, 'Vegan', '2014-08-27 16:56:54', NULL, 'vegan'),
(186, 8, 'Women', '2014-08-27 16:56:54', NULL, 'women'),
(187, 9, 'Faceroulette', '2014-08-27 16:57:55', NULL, 'faceroulette'),
(188, 9, 'Video Bios', '2014-08-27 16:57:55', NULL, 'video-bios'),
(189, 9, 'Video Resumes', '2014-08-27 16:57:55', NULL, 'video-resumes'),
(190, 9, 'Video Ads', '2014-08-27 16:57:55', NULL, 'video-ads'),
(191, 9, 'YouTube', '2014-08-27 16:57:55', NULL, 'youtube'),
(192, 9, 'Vine', '2014-08-27 16:57:55', NULL, 'vine');

-- --------------------------------------------------------

--
-- Table structure for table `charge_fee`
--

CREATE TABLE IF NOT EXISTS `charge_fee` (
  `chargeid` int(11) NOT NULL AUTO_INCREMENT,
  `city_id` varchar(20) NOT NULL,
  `category_id` bigint(20) NOT NULL,
  `amount` decimal(19,4) NOT NULL,
  PRIMARY KEY (`chargeid`)
) ENGINE=InnoDB  DEFAULT CHARSET=latin1 AUTO_INCREMENT=119 ;

--
-- Dumping data for table `charge_fee`
--

INSERT INTO `charge_fee` (`chargeid`, `city_id`, `category_id`, `amount`) VALUES
(1, '1', 2, '10.0000'),
(2, '2', 2, '10.0000'),
(3, '3', 2, '10.0000'),
(4, '4', 2, '10.0000'),
(5, '5', 2, '10.0000'),
(6, '6', 2, '10.0000'),
(7, '7', 2, '10.0000'),
(8, '10', 2, '10.0000'),
(9, '11', 2, '10.0000'),
(10, '14', 2, '10.0000'),
(11, '15', 2, '10.0000'),
(12, '17', 2, '10.0000'),
(13, '18', 2, '10.0000'),
(14, '19', 2, '10.0000'),
(15, '21', 2, '10.0000'),
(16, '22', 2, '10.0000'),
(17, '26', 2, '10.0000'),
(18, '28', 2, '10.0000'),
(19, '29', 2, '10.0000'),
(20, '32', 2, '10.0000'),
(21, '33', 2, '10.0000'),
(22, '34', 2, '10.0000'),
(23, '36', 2, '10.0000'),
(24, '37', 2, '10.0000'),
(25, '38', 2, '10.0000'),
(26, '216', 2, '10.0000'),
(27, '255', 2, '10.0000'),
(28, '270', 2, '10.0000'),
(29, '275', 2, '10.0000'),
(30, '284', 2, '10.0000'),
(31, '304', 2, '10.0000'),
(32, '327', 2, '10.0000'),
(33, '329', 2, '10.0000'),
(34, '348', 2, '10.0000'),
(35, '350', 2, '10.0000'),
(36, '432', 2, '10.0000'),
(37, '433', 2, '10.0000'),
(38, '441', 2, '10.0000'),
(39, '449', 2, '10.0000'),
(40, '486', 2, '10.0000'),
(41, '511', 2, '10.0000'),
(42, '573', 2, '10.0000'),
(43, '575', 2, '10.0000'),
(44, '595', 2, '10.0000'),
(45, '596', 2, '10.0000'),
(46, '597', 2, '10.0000'),
(47, '634', 2, '10.0000'),
(48, '647', 2, '10.0000'),
(49, '648', 2, '10.0000'),
(50, '692', 2, '10.0000'),
(51, '708', 2, '10.0000'),
(52, '709', 2, '10.0000'),
(53, '711', 2, '10.0000'),
(54, '772', 2, '10.0000'),
(55, '155', 2, '10.0000'),
(56, '156', 2, '10.0000'),
(57, '157', 2, '10.0000'),
(58, '158', 2, '10.0000'),
(59, '159', 2, '10.0000'),
(60, '160', 2, '10.0000'),
(61, '161', 2, '10.0000'),
(62, '162', 2, '10.0000'),
(63, '163', 2, '10.0000'),
(64, '164', 2, '10.0000'),
(65, '165', 2, '10.0000'),
(66, '166', 2, '10.0000'),
(67, '167', 2, '10.0000'),
(68, '168', 2, '10.0000'),
(69, '169', 2, '10.0000'),
(70, '170', 2, '10.0000'),
(71, '171', 2, '10.0000'),
(72, '172', 2, '10.0000'),
(73, '173', 2, '10.0000'),
(74, '174', 2, '10.0000'),
(75, '175', 2, '10.0000'),
(76, '176', 2, '10.0000'),
(77, '177', 2, '10.0000'),
(78, '178', 2, '10.0000'),
(79, '152', 2, '10.0000'),
(80, '153', 2, '10.0000'),
(81, '154', 2, '10.0000'),
(82, '190', 2, '10.0000'),
(83, '191', 2, '10.0000'),
(84, '192', 2, '10.0000'),
(85, '193', 2, '10.0000'),
(86, '194', 2, '10.0000'),
(87, '195', 2, '10.0000'),
(88, '196', 2, '10.0000'),
(89, '197', 2, '10.0000'),
(90, '198', 2, '10.0000'),
(91, '199', 2, '10.0000'),
(92, '200', 2, '10.0000'),
(93, '201', 2, '10.0000'),
(94, '202', 2, '10.0000'),
(95, '205', 2, '10.0000'),
(96, '206', 2, '10.0000'),
(97, '207', 2, '10.0000'),
(98, '208', 2, '10.0000'),
(99, '209', 2, '10.0000'),
(100, '210', 2, '10.0000'),
(101, '211', 2, '10.0000'),
(102, '212', 2, '10.0000'),
(103, '213', 2, '10.0000'),
(104, '214', 2, '10.0000'),
(105, '215', 2, '10.0000'),
(106, '216', 2, '10.0000'),
(107, '217', 2, '10.0000'),
(108, '218', 2, '10.0000'),
(109, '219', 2, '10.0000'),
(110, '221', 2, '10.0000'),
(111, '229', 2, '10.0000'),
(112, '230', 2, '10.0000'),
(113, '231', 2, '10.0000'),
(114, '232', 2, '10.0000'),
(115, '233', 2, '10.0000'),
(116, '234', 2, '10.0000'),
(117, '235', 2, '10.0000'),
(118, '236', 2, '10.0000');

-- --------------------------------------------------------

--
-- Table structure for table `charge_promo`
--

CREATE TABLE IF NOT EXISTS `charge_promo` (
  `promo_id` int(11) NOT NULL AUTO_INCREMENT,
  `promo_code` varchar(40) NOT NULL,
  `promo_value` decimal(19,4) NOT NULL,
  `added` timestamp NOT NULL DEFAULT CURRENT_TIMESTAMP,
  `updated` datetime DEFAULT NULL,
  PRIMARY KEY (`promo_id`)
) ENGINE=InnoDB  DEFAULT CHARSET=latin1 AUTO_INCREMENT=7 ;

--
-- Dumping data for table `charge_promo`
--

INSERT INTO `charge_promo` (`promo_id`, `promo_code`, `promo_value`, `added`, `updated`) VALUES
(1, 'AmyAdmin', '5.0000', '2014-08-11 08:54:59', NULL),
(2, 'AmyAdmin14', '5.0000', '2014-08-11 08:54:59', NULL),
(3, 'USMC', '5.0000', '2014-08-11 08:55:15', NULL),
(4, 'CrossFit', '5.0000', '2014-08-11 08:55:15', NULL),
(5, 'Freebie', '5.0000', '2014-08-11 08:55:31', NULL),
(6, 'ChrisManhattan', '5.0000', '2014-08-11 08:55:31', NULL);

-- --------------------------------------------------------

--
-- Table structure for table `config_slug`
--

CREATE TABLE IF NOT EXISTS `config_slug` (
  `id` int(11) NOT NULL AUTO_INCREMENT,
  `segment` varchar(255) NOT NULL,
  `entity` varchar(50) DEFAULT NULL,
  `slug` varchar(255) DEFAULT NULL,
  `library` varchar(255) NOT NULL,
  PRIMARY KEY (`id`)
) ENGINE=InnoDB  DEFAULT CHARSET=latin1 AUTO_INCREMENT=2 ;

--
-- Dumping data for table `config_slug`
--

INSERT INTO `config_slug` (`id`, `segment`, `entity`, `slug`, `library`) VALUES
(1, '', 'about', NULL, 'about');

-- --------------------------------------------------------

--
-- Table structure for table `location_cities`
--

CREATE TABLE IF NOT EXISTS `location_cities` (
  `city_id` int(11) NOT NULL AUTO_INCREMENT,
  `city_name` varchar(255) NOT NULL,
  `country` char(2) NOT NULL,
  `state` char(2) DEFAULT NULL,
  `parent_city_id` int(11) DEFAULT NULL,
  `is_big_cities` tinyint(1) NOT NULL DEFAULT '0',
  `url_name` varchar(255) NOT NULL,
  PRIMARY KEY (`city_id`)
) ENGINE=InnoDB  DEFAULT CHARSET=latin1 AUTO_INCREMENT=1050 ;

--
-- Dumping data for table `location_cities`
--

INSERT INTO `location_cities` (`city_id`, `city_name`, `country`, `state`, `parent_city_id`, `is_big_cities`, `url_name`) VALUES
(1, 'New York', 'US', 'NY', NULL, 1, 'new-york'),
(2, 'Los Angeles', 'US', 'CA', NULL, 1, 'los-angeles'),
(3, 'Chicago', 'US', 'IL', NULL, 1, 'chicago'),
(4, 'Houston', 'US', 'TX', NULL, 1, 'houston'),
(5, 'Phoenix', 'US', 'AZ', NULL, 1, 'phoenix'),
(6, 'Philadelphia', 'US', 'PA', NULL, 1, 'philadelphia'),
(7, 'Dallas', 'US', 'TX', NULL, 1, 'dallas'),
(8, 'San Diego', 'US', 'CA', NULL, 1, 'san-diego'),
(9, 'SF Bay Area', 'US', 'CA', NULL, 1, 'sf-bay-area'),
(10, 'Detroit', 'US', 'MI', NULL, 1, 'detroit'),
(11, 'Austin', 'US', 'TX', NULL, 1, 'austin'),
(12, 'Fort Worth', 'US', 'TX', NULL, 1, 'fort-worth'),
(13, 'Memphis', 'US', 'TN', NULL, 1, 'memphis'),
(14, 'Baltimore', 'US', 'MD', NULL, 1, 'baltimore'),
(15, 'Boston', 'US', 'MA', NULL, 1, 'boston'),
(16, 'Milwaukee', 'US', 'WI', NULL, 1, 'milwaukee'),
(17, 'Denver', 'US', 'CO', NULL, 1, 'denver'),
(18, 'Seattle', 'US', 'WA', NULL, 1, 'seattle'),
(19, 'Nashville', 'US', 'TN', NULL, 1, 'nashville'),
(20, 'Washington DC', 'US', 'WA', NULL, 1, 'washington-dc'),
(21, 'Las Vegas', 'US', 'NV', NULL, 1, 'las-vegas'),
(22, 'Portland', 'US', 'OR', NULL, 1, 'portland'),
(23, 'Louisville', 'US', 'KY', NULL, 1, 'louisville'),
(24, 'Oklahoma City', 'US', 'OK', NULL, 1, 'oklahoma-city'),
(25, 'Tucson', 'US', 'AZ', NULL, 1, 'tucson'),
(26, 'Atlanta', 'US', 'GA', NULL, 1, 'atlanta'),
(27, 'Albuquerque', 'US', 'NM', NULL, 1, 'albuquerque'),
(28, 'Kansas City', 'US', 'KS', NULL, 1, 'kansas-city'),
(29, 'Sacramento', 'US', 'CA', NULL, 1, 'sacramento'),
(30, 'Orange County', 'US', NULL, NULL, 1, 'orange-county'),
(31, 'Omaha', 'US', 'NV', NULL, 1, 'omaha'),
(32, 'Cleveland', 'US', 'OH', NULL, 1, 'cleveland'),
(33, 'Miami', 'US', 'FL', NULL, 1, 'miami'),
(34, 'Inland Empire', 'US', 'SC', NULL, 1, 'inland-empire'),
(35, 'Honolulu', 'US', 'HI', NULL, 1, 'honolulu'),
(36, 'Minneapolis', 'US', 'MN', NULL, 1, 'minneapolis'),
(37, 'Raleigh', 'US', 'NC', NULL, 1, 'raleigh'),
(38, 'St. Louis', 'US', 'MS', NULL, 1, 'st-louis'),
(39, 'Tampa Bay', 'US', 'FL', NULL, 1, 'tampa-bay'),
(152, 'North Dallas Ft. Worth', 'US', 'TX', 7, 0, 'north-dallas-ft-worth'),
(153, 'South Dallas Ft. Worth', 'US', 'TX', 7, 0, 'south-dallas-ft-worth'),
(154, 'Mid Cities', 'US', 'TX', 7, 0, 'mid-cities'),
(155, 'Bronx', 'US', 'NY', 1, 0, 'bronx'),
(156, 'Brooklyn', 'US', 'NY', 1, 0, 'brooklyn'),
(157, 'Manhattan', 'US', 'NY', 1, 0, 'manhattan'),
(158, 'Queens', 'US', 'NY', 1, 0, 'queens'),
(159, 'Staten Island', 'US', 'NY', 1, 0, 'staten-island'),
(160, 'Bridgeport / Fairfield Count Ct.', 'US', 'NY', 1, 0, 'bridgeport--fairfield-count-ct'),
(161, 'Long Island', 'US', 'NY', 1, 0, 'long-island'),
(162, 'Jersey City', 'US', 'NY', 1, 0, 'jersey-city'),
(163, 'San Fernando Valley', 'US', 'CA', 2, 0, 'san-fernando-valley'),
(164, 'San Gabriel Valley', 'US', 'CA', 2, 0, 'san-gabriel-valley'),
(165, 'Central LA', 'US', 'CA', 2, 0, 'central-la'),
(166, 'Westside/Southbay', 'US', 'CA', 2, 0, 'westsidesouthbay'),
(167, 'Long Beach', 'US', 'CA', 2, 0, 'long-beach'),
(168, 'Antelope Valley', 'US', 'CA', 2, 0, 'antelope-valley'),
(169, 'LA City', 'US', 'CA', 2, 0, 'la-city'),
(170, 'Chi - City', 'US', 'IL', 3, 0, 'chi---city'),
(171, 'Chicagoland North', 'US', 'IL', 3, 0, 'chicagoland-north'),
(172, 'Chicagoland West', 'US', 'IL', 3, 0, 'chicagoland-west'),
(173, 'Chicagoland South', 'US', 'IL', 3, 0, 'chicagoland-south'),
(174, 'Gary - Hammond / NW IN', 'US', 'IL', 3, 0, 'gary---hammond--nw-in'),
(175, 'East Valley Phoenix', 'US', 'AZ', 5, 0, 'east-valley-phoenix'),
(176, 'Central - South Phx', 'US', 'AZ', 5, 0, 'central---south-phx'),
(177, 'West Valley - Phoenix', 'US', 'AZ', 5, 0, 'west-valley---phoenix'),
(178, 'Phoenix North', 'US', 'AZ', 5, 0, 'phoenix-north'),
(179, 'City of San Diego', 'US', 'CA', 8, 0, 'city-of-san-diego'),
(180, 'East San Diego', 'US', 'CA', 8, 0, 'east-san-diego'),
(181, 'South San Diego', 'US', 'CA', 8, 0, 'south-san-diego'),
(182, 'Oceanside/Camp Pendleton', 'US', 'CA', 8, 0, 'oceansidecamp-pendleton'),
(183, 'Escondido/San Marcos', 'US', 'CA', 8, 0, 'escondidosan-marcos'),
(184, 'San Francisco', 'US', 'CA', 9, 0, 'san-francisco'),
(185, 'SF - South Bay', 'US', 'CA', 9, 0, 'sf---south-bay'),
(186, 'SF - East Bay', 'US', 'CA', 9, 0, 'sf---east-bay'),
(187, 'SF - Peninsula', 'US', 'CA', 9, 0, 'sf---peninsula'),
(188, 'SF - North Bay', 'US', 'CA', 9, 0, 'sf---north-bay'),
(189, 'Santa Cruz', 'US', 'CA', 9, 0, 'santa-cruz'),
(190, 'Wayne Co', 'US', 'MI', 10, 0, 'wayne-co'),
(191, 'Macomb Co', 'US', 'MI', 10, 0, 'macomb-co'),
(192, 'OaklandCo', 'US', 'MI', 10, 0, 'oaklandco'),
(193, 'Cambridge/Brookline', 'US', 'MA', 15, 0, 'cambridgebrookline'),
(194, 'Metro West', 'US', 'MA', 15, 0, 'metro-west'),
(195, 'NW/Merrimack', 'US', 'MA', 15, 0, 'nwmerrimack'),
(196, 'North Shore', 'US', 'MA', 15, 0, 'north-shore'),
(197, 'South Shore', 'US', 'MA', 15, 0, 'south-shore'),
(198, 'East Side', 'US', 'WA', 18, 0, 'east-side'),
(199, 'Snohomish Co', 'US', 'WA', 18, 0, 'snohomish-co'),
(200, 'South King', 'US', 'WA', 18, 0, 'south-king'),
(201, 'Kitsap Co', 'US', 'WA', 18, 0, 'kitsap-co'),
(202, 'Olympia', 'US', 'WA', 18, 0, 'olympia'),
(203, 'Bethesda / DC Suburbs in MD', 'US', 'WA', 20, 0, 'bethesda--dc-suburbs-in-md'),
(204, 'Northern Virginia/Wash DC', 'US', 'WA', 20, 0, 'northern-virginiawash-dc'),
(205, 'Washington County', 'US', 'OR', 22, 0, 'washington-county'),
(206, 'Clackamas', 'US', 'OR', 22, 0, 'clackamas'),
(207, 'N. Coast', 'US', 'OR', 22, 0, 'n-coast'),
(208, 'Yamhill Co.', 'US', 'OR', 22, 0, 'yamhill-co'),
(209, 'Columbia GorgeVancouver/Portland OR', 'US', 'OR', 22, 0, 'columbia-gorgevancouverportland-or'),
(210, 'Longview', 'US', 'OR', 22, 0, 'longview'),
(211, 'Gresham', 'US', 'OR', 22, 0, 'gresham'),
(212, 'OTP North', 'US', 'GA', 26, 0, 'otp-north'),
(213, 'OTP South', 'US', 'GA', 26, 0, 'otp-south'),
(214, 'OTP East', 'US', 'GA', 26, 0, 'otp-east'),
(215, 'OTP West', 'US', 'GA', 26, 0, 'otp-west'),
(216, 'Kansas City', 'US', 'KS', 28, 0, 'kansas-city'),
(217, 'Kansas', 'US', 'KS', 28, 0, 'kansas'),
(218, 'Independence', 'US', 'KS', 28, 0, 'independence'),
(219, 'Leawood', 'US', 'KS', 28, 0, 'leawood'),
(220, 'Council Bluffs / Omaha', 'US', 'NV', 31, 0, 'council-bluffs--omaha'),
(221, 'South Florida', 'US', 'FL', 33, 0, 'south-florida'),
(222, 'Hawaii', 'US', 'HI', 35, 0, 'hawaii'),
(223, 'O''ahu', 'US', 'HI', 35, 0, 'o''ahu'),
(224, 'Big Island', 'US', 'HI', 35, 0, 'big-island'),
(225, 'Maui', 'US', 'HI', 35, 0, 'maui'),
(226, 'Kaua''i', 'US', 'HI', 35, 0, 'kaua''i'),
(227, 'Moloka''i', 'US', 'HI', 35, 0, 'moloka''i'),
(228, 'Lana''i', 'US', 'HI', 35, 0, 'lana''i'),
(229, 'St. Paul', 'US', 'MN', 36, 0, 'st-paul'),
(230, 'Hennepin Co', 'US', 'MN', 36, 0, 'hennepin-co'),
(231, 'Ramsey Co', 'US', 'MN', 36, 0, 'ramsey-co'),
(232, 'Scott/Dakota', 'US', 'MN', 36, 0, 'scottdakota'),
(233, 'Anok/Chis/Isa', 'US', 'MN', 36, 0, 'anokchisisa'),
(234, 'Sher/Carv/Wri', 'US', 'MN', 36, 0, 'shercarvwri'),
(235, 'Washington Co/ WI', 'US', 'MN', 36, 0, 'washington-co-wi'),
(236, 'Durham', 'US', 'NC', 37, 0, 'durham'),
(237, 'Hillsborough Co.', 'US', 'FL', 39, 0, 'hillsborough-co'),
(238, 'Hernando Co.', 'US', 'FL', 39, 0, 'hernando-co'),
(239, 'Pasco Co.', 'US', 'FL', 39, 0, 'pasco-co'),
(240, 'Pinellas Co.', 'US', 'FL', 39, 0, 'pinellas-co'),
(241, 'Birmingham / Hoover', 'US', 'AL', NULL, 0, 'birmingham--hoover'),
(242, 'Montgomery', 'US', 'AL', NULL, 0, 'montgomery'),
(243, 'Mobile', 'US', 'AL', NULL, 0, 'mobile'),
(244, 'Auburn', 'US', 'AL', NULL, 0, 'auburn'),
(245, 'Dothan', 'US', 'AL', NULL, 0, 'dothan'),
(246, 'Florence', 'US', 'AL', NULL, 0, 'florence'),
(247, 'Gadsden - Anniston', 'US', 'AL', NULL, 0, 'gadsden---anniston'),
(248, 'Huntsville/Decatur', 'US', 'AL', NULL, 0, 'huntsvilledecatur'),
(249, 'Tuscaloosa', 'US', 'AL', NULL, 0, 'tuscaloosa'),
(250, 'Anchorage', 'US', 'AK', NULL, 0, 'anchorage'),
(251, 'Fairbanks / College', 'US', 'AK', NULL, 0, 'fairbanks--college'),
(252, 'Juneau / Southeast Alaska', 'US', 'AK', NULL, 0, 'juneau--southeast-alaska'),
(253, 'Kenai Peninsula', 'US', 'AK', NULL, 0, 'kenai-peninsula'),
(254, 'Adak', 'US', 'AK', NULL, 0, 'adak'),
(255, 'Phoenix', 'US', 'AZ', NULL, 0, 'phoenix'),
(256, 'Tucson', 'US', 'AZ', NULL, 0, 'tucson'),
(257, 'Flagstaff', 'US', 'AZ', NULL, 0, 'flagstaff'),
(258, 'Grand Canyon / Tuba City', 'US', 'AZ', NULL, 0, 'grand-canyon--tuba-city'),
(259, 'Lake Havasu / Bull Head', 'US', 'AZ', NULL, 0, 'lake-havasu--bull-head'),
(260, 'Prescott / Yavapai County', 'US', 'AZ', NULL, 0, 'prescott--yavapai-county'),
(261, 'Show Low', 'US', 'AZ', NULL, 0, 'show-low'),
(262, 'Sierra Vista', 'US', 'AZ', NULL, 0, 'sierra-vista'),
(263, 'Yuma', 'US', 'AZ', NULL, 0, 'yuma'),
(264, 'Little Rock', 'US', 'AR', NULL, 0, 'little-rock'),
(265, 'Fort Smith', 'US', 'AR', NULL, 0, 'fort-smith'),
(266, 'Fayetteville', 'US', 'AR', NULL, 0, 'fayetteville'),
(267, 'Jonesboro', 'US', 'AR', NULL, 0, 'jonesboro'),
(268, 'Pine Bluff', 'US', 'AR', NULL, 0, 'pine-bluff'),
(269, 'Texarkana', 'US', 'AR', NULL, 0, 'texarkana'),
(270, 'Los Angeles', 'US', 'CA', NULL, 0, 'los-angeles'),
(271, 'San Diego', 'US', 'CA', NULL, 0, 'san-diego'),
(272, 'SF / The Bay', 'US', 'CA', NULL, 0, 'sf--the-bay'),
(273, 'Orange County', 'US', 'CA', NULL, 0, 'orange-county'),
(274, 'Fresno', 'US', 'CA', NULL, 0, 'fresno'),
(275, 'Sacramento', 'US', 'CA', NULL, 0, 'sacramento'),
(276, 'Santa Barbara', 'US', 'CA', NULL, 0, 'santa-barbara'),
(277, 'Bakersfield', 'US', 'CA', NULL, 0, 'bakersfield'),
(278, 'Chico', 'US', 'CA', NULL, 0, 'chico'),
(279, 'El Centro / Imperial County', 'US', 'CA', NULL, 0, 'el-centro--imperial-county'),
(280, 'San Marcos / Escondido', 'US', 'CA', NULL, 0, 'san-marcos--escondido'),
(281, 'Eureka / Humboldt County', 'US', 'CA', NULL, 0, 'eureka--humboldt-county'),
(282, 'Hanford', 'US', 'CA', NULL, 0, 'hanford'),
(283, 'Gold Country', 'US', 'CA', NULL, 0, 'gold-country'),
(284, 'Inland Empire', 'US', 'CA', NULL, 0, 'inland-empire'),
(285, 'Merced', 'US', 'CA', NULL, 0, 'merced'),
(286, 'Modesto', 'US', 'CA', NULL, 0, 'modesto'),
(287, 'Monterey Bay', 'US', 'CA', NULL, 0, 'monterey-bay'),
(288, 'Oceanside / Camp Pendleton', 'US', 'CA', NULL, 0, 'oceanside--camp-pendleton'),
(289, 'Oxnard / Ventura County', 'US', 'CA', NULL, 0, 'oxnard--ventura-county'),
(290, 'Palm Springs', 'US', 'CA', NULL, 0, 'palm-springs'),
(291, 'Redding / Shasta County', 'US', 'CA', NULL, 0, 'redding--shasta-county'),
(292, 'San Luis Obispo', 'US', 'CA', NULL, 0, 'san-luis-obispo'),
(293, 'Santa Clarita', 'US', 'CA', NULL, 0, 'santa-clarita'),
(294, 'Santa Maria', 'US', 'CA', NULL, 0, 'santa-maria'),
(295, 'Stockton / Lassen County', 'US', 'CA', NULL, 0, 'stockton--lassen-county'),
(296, 'Trinity County', 'US', 'CA', NULL, 0, 'trinity-county'),
(297, 'Ukiah / Mendocino County', 'US', 'CA', NULL, 0, 'ukiah--mendocino-county'),
(298, 'Visalia / Tulare', 'US', 'CA', NULL, 0, 'visalia--tulare'),
(299, 'Yreka / Siskiyou County', 'US', 'CA', NULL, 0, 'yreka--siskiyou-county'),
(300, 'Yuba City / Marysville', 'US', 'CA', NULL, 0, 'yuba-city--marysville'),
(301, 'Long Beach', 'US', 'CA', NULL, 0, 'long-beach'),
(302, 'Santa Cruz', 'US', 'CA', NULL, 0, 'santa-cruz'),
(303, 'Palmdale / Lancaster', 'US', 'CA', NULL, 0, 'palmdale--lancaster'),
(304, 'Denver', 'US', 'CO', NULL, 0, 'denver'),
(305, 'Colorado Springs', 'US', 'CO', NULL, 0, 'colorado-springs'),
(306, 'Aurora', 'US', 'CO', NULL, 0, 'aurora'),
(307, 'Boulder', 'US', 'CO', NULL, 0, 'boulder'),
(308, 'Carson City', 'US', 'CO', NULL, 0, 'carson-city'),
(309, 'Castle Rock', 'US', 'CO', NULL, 0, 'castle-rock'),
(310, 'Durango', 'US', 'CO', NULL, 0, 'durango'),
(311, 'Estes Park', 'US', 'CO', NULL, 0, 'estes-park'),
(312, 'Fort Collins', 'US', 'CO', NULL, 0, 'fort-collins'),
(313, 'Grand Junction / Western Slope', 'US', 'CO', NULL, 0, 'grand-junction--western-slope'),
(314, 'Greeley', 'US', 'CO', NULL, 0, 'greeley'),
(315, 'High Rockies / High Country', 'US', 'CO', NULL, 0, 'high-rockies--high-country'),
(316, 'Pueblo', 'US', 'CO', NULL, 0, 'pueblo'),
(317, 'Pine Bluff', 'US', 'CO', NULL, 0, 'pine-bluff'),
(318, 'Hartford', 'US', 'CT', NULL, 0, 'hartford'),
(319, 'Bridgeport / Fairfield County', 'US', 'CT', NULL, 0, 'bridgeport--fairfield-county'),
(320, 'Eastern Connecticut', 'US', 'CT', NULL, 0, 'eastern-connecticut'),
(321, 'New Britain', 'US', 'CT', NULL, 0, 'new-britain'),
(322, 'New Haven', 'US', 'CT', NULL, 0, 'new-haven'),
(323, 'North Western CT', 'US', 'CT', NULL, 0, 'north-western-ct'),
(324, 'Wilmington', 'US', 'DE', NULL, 0, 'wilmington'),
(325, 'Dover', 'US', 'DE', NULL, 0, 'dover'),
(326, 'Miami/Dade County', 'US', 'FL', NULL, 0, 'miamidade-county'),
(327, 'Jacksonville', 'US', 'FL', NULL, 0, 'jacksonville'),
(328, 'Tampa Bay / Saint P', 'US', 'FL', NULL, 0, 'tampa-bay--saint-p'),
(329, 'Orlando', 'US', 'FL', NULL, 0, 'orlando'),
(330, 'Daytona Beach', 'US', 'FL', NULL, 0, 'daytona-beach'),
(331, 'Fort Lauderdale / Broward County', 'US', 'FL', NULL, 0, 'fort-lauderdale--broward-county'),
(332, 'Florida Keys', 'US', 'FL', NULL, 0, 'florida-keys'),
(333, 'Fort Myers', 'US', 'FL', NULL, 0, 'fort-myers'),
(334, 'Gainesville', 'US', 'FL', NULL, 0, 'gainesville'),
(335, 'Heartland FL', 'US', 'FL', NULL, 0, 'heartland-fl'),
(336, 'Lakeland', 'US', 'FL', NULL, 0, 'lakeland'),
(337, 'Ocala', 'US', 'FL', NULL, 0, 'ocala'),
(338, 'Okaloosa/Ft Walton Beach', 'US', 'FL', NULL, 0, 'okaloosaft-walton-beach'),
(339, 'Panama City / PCB', 'US', 'FL', NULL, 0, 'panama-city--pcb'),
(340, 'Pensacola', 'US', 'FL', NULL, 0, 'pensacola'),
(341, 'Port St. Lucie / Treasure Coast', 'US', 'FL', NULL, 0, 'port-st-lucie--treasure-coast'),
(342, 'Sarasota / Bradenton', 'US', 'FL', NULL, 0, 'sarasota--bradenton'),
(343, 'South Florida', 'US', 'FL', NULL, 0, 'south-florida'),
(344, 'Space Coast', 'US', 'FL', NULL, 0, 'space-coast'),
(345, 'St. Augustine', 'US', 'FL', NULL, 0, 'st-augustine'),
(346, 'Tallahassee', 'US', 'FL', NULL, 0, 'tallahassee'),
(347, 'West Palm Beach / PB Counties', 'US', 'FL', NULL, 0, 'west-palm-beach--pb-counties'),
(348, 'Atlanta', 'US', 'GA', NULL, 0, 'atlanta'),
(349, 'Augusta', 'US', 'GA', NULL, 0, 'augusta'),
(350, 'Columbus', 'US', 'GA', NULL, 0, 'columbus'),
(351, 'Savannah / Hinesville', 'US', 'GA', NULL, 0, 'savannah--hinesville'),
(352, 'Albany', 'US', 'GA', NULL, 0, 'albany'),
(353, 'Athens', 'US', 'GA', NULL, 0, 'athens'),
(354, 'Brunswick', 'US', 'GA', NULL, 0, 'brunswick'),
(355, 'Macon', 'US', 'GA', NULL, 0, 'macon'),
(356, 'NW Georgia', 'US', 'GA', NULL, 0, 'nw-georgia'),
(357, 'Statesboro', 'US', 'GA', NULL, 0, 'statesboro'),
(358, 'Valdosta', 'US', 'GA', NULL, 0, 'valdosta'),
(359, 'Boise / Nampa', 'US', 'ID', NULL, 0, 'boise--nampa'),
(360, 'Coeur d'' alene', 'US', 'ID', NULL, 0, 'coeur-d''-alene'),
(361, 'Idaho Falls / East Idaho', 'US', 'ID', NULL, 0, 'idaho-falls--east-idaho'),
(362, 'Lewiston / Clarkston', 'US', 'ID', NULL, 0, 'lewiston--clarkston'),
(363, 'Meridian', 'US', 'ID', NULL, 0, 'meridian'),
(364, 'Moscow / Pullman WA', 'US', 'ID', NULL, 0, 'moscow--pullman-wa'),
(365, 'Pocatello / SE Idaho', 'US', 'ID', NULL, 0, 'pocatello--se-idaho'),
(366, 'Aurora', 'US', 'IL', NULL, 0, 'aurora'),
(367, 'Rockford', 'US', 'IL', NULL, 0, 'rockford'),
(368, 'Joliet', 'US', 'IL', NULL, 0, 'joliet'),
(369, 'Bloomington / Normal', 'US', 'IL', NULL, 0, 'bloomington--normal'),
(370, 'Carbondale / Southern Illinois', 'US', 'IL', NULL, 0, 'carbondale--southern-illinois'),
(371, 'Champaign / Urbana', 'US', 'IL', NULL, 0, 'champaign--urbana'),
(372, 'Decatur', 'US', 'IL', NULL, 0, 'decatur'),
(373, 'Ottawa / La Salle County', 'US', 'IL', NULL, 0, 'ottawa--la-salle-county'),
(374, 'Mattoon / Charleston', 'US', 'IL', NULL, 0, 'mattoon--charleston'),
(375, 'Peoria', 'US', 'IL', NULL, 0, 'peoria'),
(376, 'Quad Cities / IL/IA', 'US', 'IL', NULL, 0, 'quad-cities--ilia'),
(377, 'Springfield', 'US', 'IL', NULL, 0, 'springfield'),
(378, 'Macomb / Western Illinois', 'US', 'IL', NULL, 0, 'macomb--western-illinois'),
(379, 'Indianapolis', 'US', 'IN', NULL, 0, 'indianapolis'),
(380, 'Fort Wayne', 'US', 'IN', NULL, 0, 'fort-wayne'),
(381, 'Evansville', 'US', 'IN', NULL, 0, 'evansville'),
(382, 'South Bend', 'US', 'IN', NULL, 0, 'south-bend'),
(383, 'Bloomington', 'US', 'IN', NULL, 0, 'bloomington'),
(384, 'Gary - Hammond / NW IN', 'US', 'IN', NULL, 0, 'gary---hammond--nw-in'),
(385, 'Kokomo', 'US', 'IN', NULL, 0, 'kokomo'),
(386, 'Lafayette', 'US', 'IN', NULL, 0, 'lafayette'),
(387, 'Madison', 'US', 'IN', NULL, 0, 'madison'),
(388, 'Muncie', 'US', 'IN', NULL, 0, 'muncie'),
(389, 'Richmond', 'US', 'IN', NULL, 0, 'richmond'),
(390, 'Terra Haute', 'US', 'IN', NULL, 0, 'terra-haute'),
(391, 'Des Moines', 'US', 'IA', NULL, 0, 'des-moines'),
(392, 'Cedar Rapids', 'US', 'IA', NULL, 0, 'cedar-rapids'),
(393, 'Davenport', 'US', 'IA', NULL, 0, 'davenport'),
(394, 'Ames', 'US', 'IA', NULL, 0, 'ames'),
(395, 'Council Bluff / Omaha', 'US', 'IA', NULL, 0, 'council-bluff--omaha'),
(396, 'Decorah', 'US', 'IA', NULL, 0, 'decorah'),
(397, 'Dubuque', 'US', 'IA', NULL, 0, 'dubuque'),
(398, 'Fort Dodge', 'US', 'IA', NULL, 0, 'fort-dodge'),
(399, 'Iowa City', 'US', 'IA', NULL, 0, 'iowa-city'),
(400, 'Mason City', 'US', 'IA', NULL, 0, 'mason-city'),
(401, 'Ottumwa / SE Iowa', 'US', 'IA', NULL, 0, 'ottumwa--se-iowa'),
(402, 'Quad Cities, IA/IL', 'US', 'IA', NULL, 0, 'quad-cities,-iail'),
(403, 'Sioux City', 'US', 'IA', NULL, 0, 'sioux-city'),
(404, 'Waterloo / Cedar Falls', 'US', 'IA', NULL, 0, 'waterloo--cedar-falls'),
(405, 'Wichita', 'US', 'KS', NULL, 0, 'wichita'),
(406, 'Kansas City KS / MO', 'US', 'KS', NULL, 0, 'kansas-city-ks--mo'),
(407, 'Topeka', 'US', 'KS', NULL, 0, 'topeka'),
(408, 'Garden City', 'US', 'KS', NULL, 0, 'garden-city'),
(409, 'Lawrence', 'US', 'KS', NULL, 0, 'lawrence'),
(410, 'Manhattan', 'US', 'KS', NULL, 0, 'manhattan'),
(411, 'Overland Park', 'US', 'KS', NULL, 0, 'overland-park'),
(412, 'Salina', 'US', 'KS', NULL, 0, 'salina'),
(413, 'Shawnee', 'US', 'KS', NULL, 0, 'shawnee'),
(414, 'SE KS', 'US', 'KS', NULL, 0, 'se-ks'),
(415, 'SW KS', 'US', 'KS', NULL, 0, 'sw-ks'),
(416, 'NW KS', 'US', 'KS', NULL, 0, 'nw-ks'),
(417, 'Louisville', 'US', 'KY', NULL, 0, 'louisville'),
(418, 'Lexington', 'US', 'KY', NULL, 0, 'lexington'),
(419, 'Bowling Green', 'US', 'KY', NULL, 0, 'bowling-green'),
(420, 'E. Kentucky', 'US', 'KY', NULL, 0, 'e-kentucky'),
(421, 'Owensboro', 'US', 'KY', NULL, 0, 'owensboro'),
(422, 'W. Kentucky', 'US', 'KY', NULL, 0, 'w-kentucky'),
(423, 'New Orleans', 'US', 'LA', NULL, 0, 'new-orleans'),
(424, 'Baton Rouge', 'US', 'LA', NULL, 0, 'baton-rouge'),
(425, 'Shreveport', 'US', 'LA', NULL, 0, 'shreveport'),
(426, 'Central Louisiana', 'US', 'LA', NULL, 0, 'central-louisiana'),
(427, 'Lafayette', 'US', 'LA', NULL, 0, 'lafayette'),
(428, 'Lake Charles', 'US', 'LA', NULL, 0, 'lake-charles'),
(429, 'Monroe', 'US', 'LA', NULL, 0, 'monroe'),
(430, 'Bangor', 'US', 'ME', NULL, 0, 'bangor'),
(431, 'Lewiston', 'US', 'ME', NULL, 0, 'lewiston'),
(432, 'Portland', 'US', 'ME', NULL, 0, 'portland'),
(433, 'Baltimore', 'US', 'MD', NULL, 0, 'baltimore'),
(434, 'Annapolis', 'US', 'MD', NULL, 0, 'annapolis'),
(435, 'Bethesda / DC Suburbs in MD', 'US', 'MD', NULL, 0, 'bethesda--dc-suburbs-in-md'),
(436, 'Eastern Shore', 'US', 'MD', NULL, 0, 'eastern-shore'),
(437, 'Frederick', 'US', 'MD', NULL, 0, 'frederick'),
(438, 'Hagerstown', 'US', 'MD', NULL, 0, 'hagerstown'),
(439, 'S. Maryland', 'US', 'MD', NULL, 0, 's-maryland'),
(440, 'W. Maryland', 'US', 'MD', NULL, 0, 'w-maryland'),
(441, 'Boston', 'US', 'MA', NULL, 0, 'boston'),
(442, 'Brockton', 'US', 'MA', NULL, 0, 'brockton'),
(443, 'Cape Cod', 'US', 'MA', NULL, 0, 'cape-cod'),
(444, 'Lowell', 'US', 'MA', NULL, 0, 'lowell'),
(445, 'New Bedford / South Coast', 'US', 'MA', NULL, 0, 'new-bedford--south-coast'),
(446, 'W. Massachusetts', 'US', 'MA', NULL, 0, 'w-massachusetts'),
(447, 'Worchester / C. Mass', 'US', 'MA', NULL, 0, 'worchester--c-mass'),
(448, 'Springfield / W. Mass', 'US', 'MA', NULL, 0, 'springfield--w-mass'),
(449, 'Detroit', 'US', 'MI', NULL, 0, 'detroit'),
(450, 'Grand Rapids', 'US', 'MI', NULL, 0, 'grand-rapids'),
(451, 'Ann Arbor', 'US', 'MI', NULL, 0, 'ann-arbor'),
(452, 'Bad Axe/ the Thumb', 'US', 'MI', NULL, 0, 'bad-axe-the-thumb'),
(453, 'Central Michigan', 'US', 'MI', NULL, 0, 'central-michigan'),
(454, 'Flint', 'US', 'MI', NULL, 0, 'flint'),
(455, 'Holland', 'US', 'MI', NULL, 0, 'holland'),
(456, 'Jackson', 'US', 'MI', NULL, 0, 'jackson'),
(457, 'Kalamazoo - Battle Creek', 'US', 'MI', NULL, 0, 'kalamazoo---battle-creek'),
(458, 'Lansing', 'US', 'MI', NULL, 0, 'lansing'),
(459, 'Monroe', 'US', 'MI', NULL, 0, 'monroe'),
(460, 'Muskegon', 'US', 'MI', NULL, 0, 'muskegon'),
(461, 'N. Michigan', 'US', 'MI', NULL, 0, 'n-michigan'),
(462, 'Port Huron', 'US', 'MI', NULL, 0, 'port-huron'),
(463, 'Saginaw', 'US', 'MI', NULL, 0, 'saginaw'),
(464, 'SW Michigan', 'US', 'MI', NULL, 0, 'sw-michigan'),
(465, 'Upper Peninsula', 'US', 'MI', NULL, 0, 'upper-peninsula'),
(466, 'Minneapolis / St. Paul', 'US', 'MN', NULL, 0, 'minneapolis--st-paul'),
(467, 'Rochester', 'US', 'MN', NULL, 0, 'rochester'),
(468, 'Bemidji', 'US', 'MN', NULL, 0, 'bemidji'),
(469, 'Brainerd', 'US', 'MN', NULL, 0, 'brainerd'),
(470, 'Duluth', 'US', 'MN', NULL, 0, 'duluth'),
(471, 'Fargo', 'US', 'MN', NULL, 0, 'fargo'),
(472, 'Little Falls', 'US', 'MN', NULL, 0, 'little-falls'),
(473, 'Mankato', 'US', 'MN', NULL, 0, 'mankato'),
(474, 'NW Minnesota', 'US', 'MN', NULL, 0, 'nw-minnesota'),
(475, 'SW Minnesota', 'US', 'MN', NULL, 0, 'sw-minnesota'),
(476, 'St. Cloud', 'US', 'MN', NULL, 0, 'st-cloud'),
(477, 'Jackson', 'US', 'MS', NULL, 0, 'jackson'),
(478, 'Gulfport / Biloxi', 'US', 'MS', NULL, 0, 'gulfport--biloxi'),
(479, 'Hattiesburg', 'US', 'MS', NULL, 0, 'hattiesburg'),
(480, 'Meridian', 'US', 'MS', NULL, 0, 'meridian'),
(481, 'North Miss', 'US', 'MS', NULL, 0, 'north-miss'),
(482, 'Southaven', 'US', 'MS', NULL, 0, 'southaven'),
(483, 'SW Miss', 'US', 'MS', NULL, 0, 'sw-miss'),
(484, 'Tupelo', 'US', 'MS', NULL, 0, 'tupelo'),
(485, 'Kansas City MO', 'US', 'MO', NULL, 0, 'kansas-city-mo'),
(486, 'St. Louis', 'US', 'MO', NULL, 0, 'st-louis'),
(487, 'Blue Springs', 'US', 'MO', NULL, 0, 'blue-springs'),
(488, 'Cape Girardeau', 'US', 'MO', NULL, 0, 'cape-girardeau'),
(489, 'Columbia', 'US', 'MO', NULL, 0, 'columbia'),
(490, 'Hannibal', 'US', 'MO', NULL, 0, 'hannibal'),
(491, 'Independence', 'US', 'MO', NULL, 0, 'independence'),
(492, 'Jefferson City', 'US', 'MO', NULL, 0, 'jefferson-city'),
(493, 'Joplin', 'US', 'MO', NULL, 0, 'joplin'),
(494, 'Kirksville', 'US', 'MO', NULL, 0, 'kirksville'),
(495, 'Lake of the Ozarks', 'US', 'MO', NULL, 0, 'lake-of-the-ozarks'),
(496, 'Lee Summit', 'US', 'MO', NULL, 0, 'lee-summit'),
(497, 'O?Fallon', 'US', 'MO', NULL, 0, 'o?fallon'),
(498, 'Popular Bluff', 'US', 'MO', NULL, 0, 'popular-bluff'),
(499, 'Rolla ? Fort Leonard Wood', 'US', 'MO', NULL, 0, 'rolla-?-fort-leonard-wood'),
(500, 'Sikeston', 'US', 'MO', NULL, 0, 'sikeston'),
(501, 'Springfield', 'US', 'MO', NULL, 0, 'springfield'),
(502, 'St. Joseph', 'US', 'MO', NULL, 0, 'st-joseph'),
(503, 'St. Charles', 'US', 'MO', NULL, 0, 'st-charles'),
(504, 'Billings', 'US', 'MT', NULL, 0, 'billings'),
(505, 'Bozeman', 'US', 'MT', NULL, 0, 'bozeman'),
(506, 'Butte-Silver Bow', 'US', 'MT', NULL, 0, 'butte-silver-bow'),
(507, 'Great Falls', 'US', 'MT', NULL, 0, 'great-falls'),
(508, 'Helena', 'US', 'MT', NULL, 0, 'helena'),
(509, 'Kalispell', 'US', 'MT', NULL, 0, 'kalispell'),
(510, 'Missoula', 'US', 'MT', NULL, 0, 'missoula'),
(511, 'Las Vegas', 'US', 'NV', NULL, 0, 'las-vegas'),
(512, 'Elko', 'US', 'NV', NULL, 0, 'elko'),
(513, 'Enterprise', 'US', 'NV', NULL, 0, 'enterprise'),
(514, 'Henderson', 'US', 'NV', NULL, 0, 'henderson'),
(515, 'Lake Tahoe / Carson City', 'US', 'NV', NULL, 0, 'lake-tahoe--carson-city'),
(516, 'N. Las Vegas / Sunrise Manor', 'US', 'NV', NULL, 0, 'n-las-vegas--sunrise-manor'),
(517, 'Reno / Sparks', 'US', 'NV', NULL, 0, 'reno--sparks'),
(518, 'Sparks', 'US', 'NV', NULL, 0, 'sparks'),
(519, 'Manchester', 'US', 'NH', NULL, 0, 'manchester'),
(520, 'Concord', 'US', 'NH', NULL, 0, 'concord'),
(521, 'Derry', 'US', 'NH', NULL, 0, 'derry'),
(522, 'Dover', 'US', 'NH', NULL, 0, 'dover'),
(523, 'Keene', 'US', 'NH', NULL, 0, 'keene'),
(524, 'Laconia', 'US', 'NH', NULL, 0, 'laconia'),
(525, 'Nashua', 'US', 'NH', NULL, 0, 'nashua'),
(526, 'Portsmouth', 'US', 'NH', NULL, 0, 'portsmouth'),
(527, 'Newark', 'US', 'NJ', NULL, 0, 'newark'),
(528, 'Jersey City', 'US', 'NJ', NULL, 0, 'jersey-city'),
(529, 'Atlantic City', 'US', 'NJ', NULL, 0, 'atlantic-city'),
(530, 'Camden', 'US', 'NJ', NULL, 0, 'camden'),
(531, 'Clifton', 'US', 'NJ', NULL, 0, 'clifton'),
(532, 'Edison', 'US', 'NJ', NULL, 0, 'edison'),
(533, 'Jersey Shore', 'US', 'NJ', NULL, 0, 'jersey-shore'),
(534, 'Paterson', 'US', 'NJ', NULL, 0, 'paterson'),
(535, 'S. Jersey', 'US', 'NJ', NULL, 0, 's-jersey'),
(536, 'Trenton', 'US', 'NJ', NULL, 0, 'trenton'),
(537, 'Alamogordo', 'US', 'NM', NULL, 0, 'alamogordo'),
(538, 'Carlsbad', 'US', 'NM', NULL, 0, 'carlsbad'),
(539, 'Clovis', 'US', 'NM', NULL, 0, 'clovis'),
(540, 'Deming', 'US', 'NM', NULL, 0, 'deming'),
(541, 'Gallup', 'US', 'NM', NULL, 0, 'gallup'),
(542, 'Hobbs', 'US', 'NM', NULL, 0, 'hobbs'),
(543, 'Las Cruces', 'US', 'NM', NULL, 0, 'las-cruces'),
(544, 'Rio Rancho', 'US', 'NM', NULL, 0, 'rio-rancho'),
(545, 'Santa Fe', 'US', 'NM', NULL, 0, 'santa-fe'),
(546, 'Roswell', 'US', 'NM', NULL, 0, 'roswell'),
(547, 'Farmington', 'US', 'NM', NULL, 0, 'farmington'),
(548, 'New York City', 'US', 'NY', NULL, 0, 'new-york-city'),
(549, 'Buffalo', 'US', 'NY', NULL, 0, 'buffalo'),
(550, 'Albany', 'US', 'NY', NULL, 0, 'albany'),
(551, 'Binghamton', 'US', 'NY', NULL, 0, 'binghamton'),
(552, 'Catskills', 'US', 'NY', NULL, 0, 'catskills'),
(553, 'Chautauqua', 'US', 'NY', NULL, 0, 'chautauqua'),
(554, 'Cheektowaga', 'US', 'NY', NULL, 0, 'cheektowaga'),
(555, 'Elmira', 'US', 'NY', NULL, 0, 'elmira'),
(556, 'Finger Lakes', 'US', 'NY', NULL, 0, 'finger-lakes'),
(557, 'Glen Falls', 'US', 'NY', NULL, 0, 'glen-falls'),
(558, 'Hudson Valley', 'US', 'NY', NULL, 0, 'hudson-valley'),
(559, 'Ithaca', 'US', 'NY', NULL, 0, 'ithaca'),
(560, 'Long Island', 'US', 'NY', NULL, 0, 'long-island'),
(561, 'Mount Vernon', 'US', 'NY', NULL, 0, 'mount-vernon'),
(562, 'New Rochelle', 'US', 'NY', NULL, 0, 'new-rochelle'),
(563, 'Oneonta', 'US', 'NY', NULL, 0, 'oneonta'),
(564, 'Plattsburgh / Adirondacks', 'US', 'NY', NULL, 0, 'plattsburgh--adirondacks'),
(565, 'Potsdam / Canton', 'US', 'NY', NULL, 0, 'potsdam--canton'),
(566, 'Schenectady', 'US', 'NY', NULL, 0, 'schenectady'),
(567, 'Syracuse', 'US', 'NY', NULL, 0, 'syracuse'),
(568, 'Twin Tiers NY', 'US', 'NY', NULL, 0, 'twin-tiers-ny'),
(569, 'Utica / Rome', 'US', 'NY', NULL, 0, 'utica--rome'),
(570, 'Watertown', 'US', 'NY', NULL, 0, 'watertown'),
(571, 'Yonkers', 'US', 'NY', NULL, 0, 'yonkers'),
(572, 'Westchester County NY', 'US', 'NY', NULL, 0, 'westchester-county-ny'),
(573, 'Raleigh', 'US', 'NC', NULL, 0, 'raleigh'),
(574, 'Durham / Chapel Hill', 'US', 'NC', NULL, 0, 'durham--chapel-hill'),
(575, 'Charlotte', 'US', 'NC', NULL, 0, 'charlotte'),
(576, 'Asheville', 'US', 'NC', NULL, 0, 'asheville'),
(577, 'Boone', 'US', 'NC', NULL, 0, 'boone'),
(578, 'E. NC', 'US', 'NC', NULL, 0, 'e-nc'),
(579, 'Fayetteville', 'US', 'NC', NULL, 0, 'fayetteville'),
(580, 'Greensboro', 'US', 'NC', NULL, 0, 'greensboro'),
(581, 'Hickory', 'US', 'NC', NULL, 0, 'hickory'),
(582, 'High Point', 'US', 'NC', NULL, 0, 'high-point'),
(583, 'Jacksonville / 2nd USMC Div.', 'US', 'NC', NULL, 0, 'jacksonville--2nd-usmc-div'),
(584, 'Outer Banks', 'US', 'NC', NULL, 0, 'outer-banks'),
(585, 'New Bern / Havelock', 'US', 'NC', NULL, 0, 'new-bern--havelock'),
(586, 'Winston- Salem', 'US', 'NC', NULL, 0, 'winston--salem'),
(587, 'Wilmington', 'US', 'NC', NULL, 0, 'wilmington'),
(588, 'Fargo', 'US', 'ND', NULL, 0, 'fargo'),
(589, 'Bismarck', 'US', 'ND', NULL, 0, 'bismarck'),
(590, 'Dickinson', 'US', 'ND', NULL, 0, 'dickinson'),
(591, 'Grand Forks', 'US', 'ND', NULL, 0, 'grand-forks'),
(592, 'Mandan', 'US', 'ND', NULL, 0, 'mandan'),
(593, 'Minot', 'US', 'ND', NULL, 0, 'minot'),
(594, 'West Fargo', 'US', 'ND', NULL, 0, 'west-fargo'),
(595, 'Columbus', 'US', 'OH', NULL, 0, 'columbus'),
(596, 'Cleveland', 'US', 'OH', NULL, 0, 'cleveland'),
(597, 'Cincinnati', 'US', 'OH', NULL, 0, 'cincinnati'),
(598, 'Toledo', 'US', 'OH', NULL, 0, 'toledo'),
(599, 'Akron', 'US', 'OH', NULL, 0, 'akron'),
(600, 'Ashland / Huntington WV', 'US', 'OH', NULL, 0, 'ashland--huntington-wv'),
(601, 'Ashtabula', 'US', 'OH', NULL, 0, 'ashtabula'),
(602, 'Athens', 'US', 'OH', NULL, 0, 'athens'),
(603, 'Cambridge', 'US', 'OH', NULL, 0, 'cambridge'),
(604, 'Canton', 'US', 'OH', NULL, 0, 'canton'),
(605, 'Chillicothe', 'US', 'OH', NULL, 0, 'chillicothe'),
(606, 'Dayton / Springfield', 'US', 'OH', NULL, 0, 'dayton--springfield'),
(607, 'Lima', 'US', 'OH', NULL, 0, 'lima'),
(608, 'Lorain', 'US', 'OH', NULL, 0, 'lorain'),
(609, 'Mansfield', 'US', 'OH', NULL, 0, 'mansfield'),
(610, 'Marietta / Parkersburg WV', 'US', 'OH', NULL, 0, 'marietta--parkersburg-wv'),
(611, 'Sandusky', 'US', 'OH', NULL, 0, 'sandusky'),
(612, 'Tuscarawas County', 'US', 'OH', NULL, 0, 'tuscarawas-county'),
(613, 'Youngstown', 'US', 'OH', NULL, 0, 'youngstown'),
(614, 'Zanesville', 'US', 'OH', NULL, 0, 'zanesville'),
(615, 'Oklahoma City', 'US', 'OK', NULL, 0, 'oklahoma-city'),
(616, 'Tulsa', 'US', 'OK', NULL, 0, 'tulsa'),
(617, 'Ada', 'US', 'OK', NULL, 0, 'ada'),
(618, 'Altus', 'US', 'OK', NULL, 0, 'altus'),
(619, 'Ardmore', 'US', 'OK', NULL, 0, 'ardmore'),
(620, 'Bartlesville', 'US', 'OK', NULL, 0, 'bartlesville'),
(621, 'Broken Arrow', 'US', 'OK', NULL, 0, 'broken-arrow'),
(622, 'Chickasha', 'US', 'OK', NULL, 0, 'chickasha'),
(623, 'Duncan', 'US', 'OK', NULL, 0, 'duncan'),
(624, 'Edmond', 'US', 'OK', NULL, 0, 'edmond'),
(625, 'Enid', 'US', 'OK', NULL, 0, 'enid'),
(626, 'Lawton', 'US', 'OK', NULL, 0, 'lawton'),
(627, 'McAlester', 'US', 'OK', NULL, 0, 'mcalester'),
(628, 'Midwest City', 'US', 'OK', NULL, 0, 'midwest-city'),
(629, 'Moore', 'US', 'OK', NULL, 0, 'moore'),
(630, 'Muskogee', 'US', 'OK', NULL, 0, 'muskogee'),
(631, 'Norman', 'US', 'OK', NULL, 0, 'norman'),
(632, 'Ponca City', 'US', 'OK', NULL, 0, 'ponca-city'),
(633, 'Stillwater', 'US', 'OK', NULL, 0, 'stillwater'),
(634, 'Portland', 'US', 'OR', NULL, 0, 'portland'),
(635, 'Bend', 'US', 'OR', NULL, 0, 'bend'),
(636, 'Corvallis / Albany', 'US', 'OR', NULL, 0, 'corvallis--albany'),
(637, 'Cottage Grove', 'US', 'OR', NULL, 0, 'cottage-grove'),
(638, 'Eugene / Springfield', 'US', 'OR', NULL, 0, 'eugene--springfield'),
(639, 'Gresham', 'US', 'OR', NULL, 0, 'gresham'),
(640, 'Hilsboro', 'US', 'OR', NULL, 0, 'hilsboro'),
(641, 'Klamath Falls', 'US', 'OR', NULL, 0, 'klamath-falls'),
(642, 'La Grande / E. Oregon', 'US', 'OR', NULL, 0, 'la-grande--e-oregon'),
(643, 'Medford / Ashland', 'US', 'OR', NULL, 0, 'medford--ashland'),
(644, 'Oregon Coast', 'US', 'OR', NULL, 0, 'oregon-coast'),
(645, 'Roseburg', 'US', 'OR', NULL, 0, 'roseburg'),
(646, 'Salem', 'US', 'OR', NULL, 0, 'salem'),
(647, 'Philadelphia', 'US', 'PA', NULL, 0, 'philadelphia'),
(648, 'Pittsburgh', 'US', 'PA', NULL, 0, 'pittsburgh'),
(649, 'Allentown', 'US', 'PA', NULL, 0, 'allentown'),
(650, 'Altoona', 'US', 'PA', NULL, 0, 'altoona'),
(651, 'Butler', 'US', 'PA', NULL, 0, 'butler'),
(652, 'Cumberland Valley', 'US', 'PA', NULL, 0, 'cumberland-valley'),
(653, 'Erie', 'US', 'PA', NULL, 0, 'erie'),
(654, 'Harrisburg', 'US', 'PA', NULL, 0, 'harrisburg'),
(655, 'Johnstown', 'US', 'PA', NULL, 0, 'johnstown'),
(656, 'Lancaster', 'US', 'PA', NULL, 0, 'lancaster'),
(657, 'Lehigh Valley', 'US', 'PA', NULL, 0, 'lehigh-valley'),
(658, 'Meadville', 'US', 'PA', NULL, 0, 'meadville'),
(659, 'Poconos', 'US', 'PA', NULL, 0, 'poconos'),
(660, 'Reading', 'US', 'PA', NULL, 0, 'reading'),
(661, 'Scranton', 'US', 'PA', NULL, 0, 'scranton'),
(662, 'State College', 'US', 'PA', NULL, 0, 'state-college'),
(663, 'Williamsport', 'US', 'PA', NULL, 0, 'williamsport'),
(664, 'York', 'US', 'PA', NULL, 0, 'york'),
(665, 'Ponce', 'US', 'PR', NULL, 0, 'ponce'),
(666, 'San Juan', 'US', 'PR', NULL, 0, 'san-juan'),
(667, 'Providence', 'US', 'RI', NULL, 0, 'providence'),
(668, 'Barrington', 'US', 'RI', NULL, 0, 'barrington'),
(669, 'Bristol', 'US', 'RI', NULL, 0, 'bristol'),
(670, 'Cranston', 'US', 'RI', NULL, 0, 'cranston'),
(671, 'Newport', 'US', 'RI', NULL, 0, 'newport'),
(672, 'Pawtucket', 'US', 'RI', NULL, 0, 'pawtucket'),
(673, 'Warwick / W. Warick', 'US', 'RI', NULL, 0, 'warwick--w-warick'),
(674, 'Westerly', 'US', 'RI', NULL, 0, 'westerly'),
(675, 'Columbia', 'US', 'SC', NULL, 0, 'columbia'),
(676, 'Charleston', 'US', 'SC', NULL, 0, 'charleston'),
(677, 'Florence', 'US', 'SC', NULL, 0, 'florence'),
(678, 'Greenville', 'US', 'SC', NULL, 0, 'greenville'),
(679, 'Hilton Head', 'US', 'SC', NULL, 0, 'hilton-head'),
(680, 'Myrtle Beach', 'US', 'SC', NULL, 0, 'myrtle-beach'),
(681, 'Rock Hill', 'US', 'SC', NULL, 0, 'rock-hill'),
(682, 'SpartanBurg', 'US', 'SC', NULL, 0, 'spartanburg'),
(683, 'Summersville', 'US', 'SC', NULL, 0, 'summersville'),
(684, 'Sumter', 'US', 'SC', NULL, 0, 'sumter'),
(685, 'Sioux Falls', 'US', 'SD', NULL, 0, 'sioux-falls'),
(686, 'Rapid City', 'US', 'SD', NULL, 0, 'rapid-city'),
(687, 'Aberdeen', 'US', 'SD', NULL, 0, 'aberdeen'),
(688, 'Watertown', 'US', 'SD', NULL, 0, 'watertown'),
(689, 'Brookings', 'US', 'SD', NULL, 0, 'brookings'),
(690, 'Pierre', 'US', 'SD', NULL, 0, 'pierre'),
(691, 'Memphis', 'US', 'TN', NULL, 0, 'memphis'),
(692, 'Nashville', 'US', 'TN', NULL, 0, 'nashville'),
(693, 'Knoxville', 'US', 'TN', NULL, 0, 'knoxville'),
(694, 'Chattanooga', 'US', 'TN', NULL, 0, 'chattanooga'),
(695, 'Clarksville', 'US', 'TN', NULL, 0, 'clarksville'),
(696, 'Columbia', 'US', 'TN', NULL, 0, 'columbia'),
(697, 'Cookeville', 'US', 'TN', NULL, 0, 'cookeville'),
(698, 'Dyersburg', 'US', 'TN', NULL, 0, 'dyersburg'),
(699, 'Franklin', 'US', 'TN', NULL, 0, 'franklin'),
(700, 'Gallatin', 'US', 'TN', NULL, 0, 'gallatin'),
(701, 'Jackson', 'US', 'TN', NULL, 0, 'jackson'),
(702, 'Maryville', 'US', 'TN', NULL, 0, 'maryville'),
(703, 'Morristown', 'US', 'TN', NULL, 0, 'morristown'),
(704, 'Murfreesboro', 'US', 'TN', NULL, 0, 'murfreesboro'),
(705, 'Oak Ridge', 'US', 'TN', NULL, 0, 'oak-ridge'),
(706, 'Tri-Cities TN', 'US', 'TN', NULL, 0, 'tri-cities-tn'),
(707, 'Tullahoma', 'US', 'TN', NULL, 0, 'tullahoma'),
(708, 'Houston', 'US', 'TX', NULL, 0, 'houston'),
(709, 'San Antonio', 'US', 'TX', NULL, 0, 'san-antonio'),
(710, 'Dallas / Ft. Worth', 'US', 'TX', NULL, 0, 'dallas--ft-worth'),
(711, 'Austin', 'US', 'TX', NULL, 0, 'austin'),
(712, 'El Paso', 'US', 'TX', NULL, 0, 'el-paso'),
(713, 'Arlington', 'US', 'TX', NULL, 0, 'arlington'),
(714, 'Corpus Christi', 'US', 'TX', NULL, 0, 'corpus-christi'),
(715, 'Plano', 'US', 'TX', NULL, 0, 'plano'),
(716, 'Laredo', 'US', 'TX', NULL, 0, 'laredo'),
(717, 'Lubbock', 'US', 'TX', NULL, 0, 'lubbock'),
(718, 'Abilene', 'US', 'TX', NULL, 0, 'abilene'),
(719, 'Amarillo', 'US', 'TX', NULL, 0, 'amarillo'),
(720, 'Arlington', 'US', 'TX', NULL, 0, 'arlington'),
(721, 'Beaumont', 'US', 'TX', NULL, 0, 'beaumont'),
(722, 'Brownsville', 'US', 'TX', NULL, 0, 'brownsville'),
(723, 'College Station', 'US', 'TX', NULL, 0, 'college-station'),
(724, 'Corpus Christi', 'US', 'TX', NULL, 0, 'corpus-christi'),
(725, 'Del Rio', 'US', 'TX', NULL, 0, 'del-rio'),
(726, 'Eagle Pass', 'US', 'TX', NULL, 0, 'eagle-pass'),
(727, 'Galveston', 'US', 'TX', NULL, 0, 'galveston'),
(728, 'Killeen / Temple', 'US', 'TX', NULL, 0, 'killeen--temple'),
(729, 'Lake Texoma', 'US', 'TX', NULL, 0, 'lake-texoma'),
(730, 'Laredo', 'US', 'TX', NULL, 0, 'laredo'),
(731, 'Lubbock', 'US', 'TX', NULL, 0, 'lubbock'),
(732, 'Lufkin', 'US', 'TX', NULL, 0, 'lufkin'),
(733, 'Odessa', 'US', 'TX', NULL, 0, 'odessa'),
(734, 'Plainview', 'US', 'TX', NULL, 0, 'plainview'),
(735, 'Plano', 'US', 'TX', NULL, 0, 'plano'),
(736, 'San Angelo', 'US', 'TX', NULL, 0, 'san-angelo'),
(737, 'San Marcos', 'US', 'TX', NULL, 0, 'san-marcos'),
(738, 'Sherman', 'US', 'TX', NULL, 0, 'sherman'),
(739, 'SW Texas', 'US', 'TX', NULL, 0, 'sw-texas'),
(740, 'Texarkana', 'US', 'TX', NULL, 0, 'texarkana'),
(741, 'Tyler / E. Texas', 'US', 'TX', NULL, 0, 'tyler--e-texas'),
(742, 'Victoria', 'US', 'TX', NULL, 0, 'victoria'),
(743, 'Waco', 'US', 'TX', NULL, 0, 'waco'),
(744, 'Wichita Falls', 'US', 'TX', NULL, 0, 'wichita-falls'),
(745, 'Salt Lake City', 'US', 'UT', NULL, 0, 'salt-lake-city'),
(746, 'Cedar City', 'US', 'UT', NULL, 0, 'cedar-city'),
(747, 'Ogden', 'US', 'UT', NULL, 0, 'ogden'),
(748, 'Provo / Orem', 'US', 'UT', NULL, 0, 'provo--orem'),
(749, 'St. George', 'US', 'UT', NULL, 0, 'st-george'),
(750, 'West Jordan / Sandy', 'US', 'UT', NULL, 0, 'west-jordan--sandy'),
(751, 'Rutland', 'US', 'VT', NULL, 0, 'rutland'),
(752, 'South Burlington', 'US', 'VT', NULL, 0, 'south-burlington'),
(753, 'Montpelier', 'US', 'VT', NULL, 0, 'montpelier'),
(754, 'Virginia Beach', 'US', 'VA', NULL, 0, 'virginia-beach'),
(755, 'Norfolk', 'US', 'VA', NULL, 0, 'norfolk'),
(756, 'Richmond', 'US', 'VA', NULL, 0, 'richmond'),
(757, 'Arlington / Wash DC', 'US', 'VA', NULL, 0, 'arlington--wash-dc'),
(758, 'Blacksburg', 'US', 'VA', NULL, 0, 'blacksburg'),
(759, 'Charlottesville', 'US', 'VA', NULL, 0, 'charlottesville'),
(760, 'Danville', 'US', 'VA', NULL, 0, 'danville'),
(761, 'Eastern Shore', 'US', 'VA', NULL, 0, 'eastern-shore'),
(762, 'Fredericksburg', 'US', 'VA', NULL, 0, 'fredericksburg'),
(763, 'Hampton', 'US', 'VA', NULL, 0, 'hampton'),
(764, 'Harrisonburg', 'US', 'VA', NULL, 0, 'harrisonburg'),
(765, 'Lynchburg', 'US', 'VA', NULL, 0, 'lynchburg'),
(766, 'New River Valley', 'US', 'VA', NULL, 0, 'new-river-valley'),
(767, 'Roanoke', 'US', 'VA', NULL, 0, 'roanoke'),
(768, 'Staunton', 'US', 'VA', NULL, 0, 'staunton'),
(769, 'SW. Virginia', 'US', 'VA', NULL, 0, 'sw-virginia'),
(770, 'Winchester', 'US', 'VA', NULL, 0, 'winchester'),
(771, 'Northern Virginia/Wash DC', 'US', 'VA', NULL, 0, 'northern-virginiawash-dc'),
(772, 'Seattle', 'US', 'WA', NULL, 0, 'seattle'),
(773, 'Tacoma', 'US', 'WA', NULL, 0, 'tacoma'),
(774, 'Spokane', 'US', 'WA', NULL, 0, 'spokane'),
(775, 'Bellevue', 'US', 'WA', NULL, 0, 'bellevue'),
(776, 'Bellingham', 'US', 'WA', NULL, 0, 'bellingham'),
(777, 'Bremerton', 'US', 'WA', NULL, 0, 'bremerton'),
(778, 'Centralia', 'US', 'WA', NULL, 0, 'centralia'),
(779, 'Clark County', 'US', 'WA', NULL, 0, 'clark-county'),
(780, 'Clarkston / Lewiston ID', 'US', 'WA', NULL, 0, 'clarkston--lewiston-id'),
(781, 'Everett', 'US', 'WA', NULL, 0, 'everett'),
(782, 'Hilsboro', 'US', 'WA', NULL, 0, 'hilsboro'),
(783, 'Kennewick / Richland', 'US', 'WA', NULL, 0, 'kennewick--richland'),
(784, 'Longview', 'US', 'WA', NULL, 0, 'longview'),
(785, 'Moses Lake', 'US', 'WA', NULL, 0, 'moses-lake'),
(786, 'Mt. Vernon / Skagit', 'US', 'WA', NULL, 0, 'mt-vernon--skagit'),
(787, 'Oak Harbor', 'US', 'WA', NULL, 0, 'oak-harbor'),
(788, 'Olympic Peninsula', 'US', 'WA', NULL, 0, 'olympic-peninsula'),
(789, 'Port Angeles', 'US', 'WA', NULL, 0, 'port-angeles'),
(790, 'Pullman / Moscow', 'US', 'WA', NULL, 0, 'pullman--moscow'),
(791, 'SW Washington', 'US', 'WA', NULL, 0, 'sw-washington'),
(792, 'Wenatchee', 'US', 'WA', NULL, 0, 'wenatchee'),
(793, 'Vancouver /Portland OR', 'US', 'WA', NULL, 0, 'vancouver-portland-or'),
(794, 'Walla Walla', 'US', 'WA', NULL, 0, 'walla-walla'),
(795, 'Yakima', 'US', 'WA', NULL, 0, 'yakima'),
(796, 'Charleston', 'US', 'WV', NULL, 0, 'charleston'),
(797, 'Beckley', 'US', 'WV', NULL, 0, 'beckley'),
(798, 'Clarksburg', 'US', 'WV', NULL, 0, 'clarksburg'),
(799, 'Eastern Panhandle', 'US', 'WV', NULL, 0, 'eastern-panhandle'),
(800, 'Huntington / Ashland', 'US', 'WV', NULL, 0, 'huntington--ashland'),
(801, 'Morgantown', 'US', 'WV', NULL, 0, 'morgantown'),
(802, 'Northern Panhandle', 'US', 'WV', NULL, 0, 'northern-panhandle'),
(803, 'Parkersburg', 'US', 'WV', NULL, 0, 'parkersburg'),
(804, 'Southern WV', 'US', 'WV', NULL, 0, 'southern-wv'),
(805, 'Milwaukee', 'US', 'WI', NULL, 0, 'milwaukee'),
(806, 'Appleton', 'US', 'WI', NULL, 0, 'appleton'),
(807, 'Eau Claire', 'US', 'WI', NULL, 0, 'eau-claire'),
(808, 'Green Bay', 'US', 'WI', NULL, 0, 'green-bay'),
(809, 'Janesville', 'US', 'WI', NULL, 0, 'janesville'),
(810, 'Kenosha / Racine', 'US', 'WI', NULL, 0, 'kenosha--racine'),
(811, 'La Crosse', 'US', 'WI', NULL, 0, 'la-crosse'),
(812, 'Madison', 'US', 'WI', NULL, 0, 'madison'),
(813, 'Manitowoc', 'US', 'WI', NULL, 0, 'manitowoc'),
(814, 'Osh Kosh', 'US', 'WI', NULL, 0, 'osh-kosh'),
(815, 'Sheboygan', 'US', 'WI', NULL, 0, 'sheboygan'),
(816, 'Stevens Point', 'US', 'WI', NULL, 0, 'stevens-point'),
(817, 'Superior / Duluth MN', 'US', 'WI', NULL, 0, 'superior--duluth-mn'),
(818, 'Waukesha', 'US', 'WI', NULL, 0, 'waukesha'),
(819, 'Wausau', 'US', 'WI', NULL, 0, 'wausau'),
(820, 'West bend', 'US', 'WI', NULL, 0, 'west-bend'),
(821, 'Cheyenne', 'US', 'WY', NULL, 0, 'cheyenne'),
(822, 'Casper', 'US', 'WY', NULL, 0, 'casper'),
(823, 'Gillette', 'US', 'WY', NULL, 0, 'gillette'),
(824, 'Rock Springs / Green River', 'US', 'WY', NULL, 0, 'rock-springs--green-river'),
(825, 'Sheridan', 'US', 'WY', NULL, 0, 'sheridan'),
(826, 'Amsterdam', 'NL', NULL, NULL, 1, 'amsterdam'),
(827, 'Athens', 'GR', NULL, NULL, 1, 'athens'),
(828, 'Bangalore', 'IN', NULL, NULL, 1, 'bangalore'),
(829, 'Bangkok', 'TH', NULL, NULL, 1, 'bangkok'),
(830, 'Beijing', 'CN', NULL, NULL, 1, 'beijing'),
(831, 'Barcelona', 'ES', NULL, NULL, 1, 'barcelona'),
(832, 'Berlin', 'DE', NULL, NULL, 1, 'berlin'),
(833, 'Budapest', 'RO', NULL, NULL, 1, 'budapest'),
(834, 'Buenos Aires', 'AR', NULL, NULL, 1, 'buenos-aires'),
(835, 'Delhi', 'IN', NULL, NULL, 1, 'delhi'),
(836, 'Dubai', 'QA', NULL, NULL, 1, 'dubai'),
(837, 'Dublin', 'IE', NULL, NULL, 1, 'dublin'),
(838, 'Hong Kong', 'CN', NULL, NULL, 1, 'hong-kong'),
(839, 'London', 'GB', NULL, NULL, 1, 'london'),
(840, 'Madrid', 'ES', NULL, NULL, 1, 'madrid'),
(841, 'Manila', 'PH', NULL, NULL, 1, 'manila'),
(842, 'Melbourne', 'AU', NULL, NULL, 1, 'melbourne'),
(843, 'Mexico City', 'MX', NULL, NULL, 1, 'mexico-city'),
(844, 'Moscow', 'RU', NULL, NULL, 1, 'moscow'),
(845, 'Paris', 'FR', NULL, NULL, 1, 'paris'),
(846, 'Rio De Janeiro', 'BR', NULL, NULL, 1, 'rio-de-janeiro'),
(847, 'Rome', 'IT', NULL, NULL, 1, 'rome'),
(848, 'Seoul', 'KR', NULL, NULL, 1, 'seoul'),
(849, 'Shanghai', 'CN', NULL, NULL, 1, 'shanghai'),
(850, 'Singapore', 'SG', NULL, NULL, 1, 'singapore'),
(851, 'Sydney', 'AU', NULL, NULL, 1, 'sydney'),
(852, 'Tel Aviv', 'IL', NULL, NULL, 1, 'tel-aviv'),
(853, 'Tokyo', 'JP', NULL, NULL, 1, 'tokyo'),
(854, 'Zurich', 'CH', NULL, NULL, 1, 'zurich'),
(855, 'Sao Paulo', 'BR', NULL, NULL, 1, 'sao-paulo'),
(856, 'Mumbai', 'IN', NULL, NULL, 1, 'mumbai'),
(857, 'Rostov-on-Don', 'RU', NULL, NULL, 1, 'rostov-on-don'),
(858, 'Toronto', 'CA', NULL, NULL, 0, 'toronto'),
(859, 'Montreal', 'CA', NULL, NULL, 0, 'montreal'),
(860, 'Vancouver', 'CA', NULL, NULL, 0, 'vancouver'),
(861, 'Ottawa', 'CA', NULL, NULL, 0, 'ottawa'),
(862, 'Calgary', 'CA', NULL, NULL, 0, 'calgary'),
(863, 'Edmonton', 'CA', NULL, NULL, 0, 'edmonton'),
(864, 'Acapulco', 'MX', NULL, NULL, 0, 'acapulco'),
(865, 'Tijuana', 'MX', NULL, NULL, 0, 'tijuana'),
(866, 'Cancun', 'MX', NULL, NULL, 0, 'cancun'),
(867, 'Ciudad Juarez', 'MX', NULL, NULL, 0, 'ciudad-juarez'),
(868, 'Puerto Vallarta', 'MX', NULL, NULL, 0, 'puerto-vallarta'),
(869, 'Ensenada', 'MX', NULL, NULL, 0, 'ensenada'),
(870, 'Mazatlan', 'MX', NULL, NULL, 0, 'mazatlan'),
(871, 'Culiacan', 'MX', NULL, NULL, 0, 'culiacan'),
(872, 'Ecatepec de Morelos', 'MX', NULL, NULL, 0, 'ecatepec-de-morelos'),
(873, 'Guanajuato', 'MX', NULL, NULL, 0, 'guanajuato'),
(874, 'Guadalajara', 'MX', NULL, NULL, 0, 'guadalajara'),
(875, 'Hermosillo', 'MX', NULL, NULL, 0, 'hermosillo'),
(876, 'Leon', 'MX', NULL, NULL, 0, 'leon'),
(877, 'Merida', 'MX', NULL, NULL, 0, 'merida'),
(878, 'Mexicali', 'MX', NULL, NULL, 0, 'mexicali'),
(879, 'Oaxaca', 'MX', NULL, NULL, 0, 'oaxaca'),
(880, 'Puebla', 'MX', NULL, NULL, 0, 'puebla'),
(881, 'Monterrey', 'MX', NULL, NULL, 0, 'monterrey'),
(882, 'Nezahualcoyotl', 'MX', NULL, NULL, 0, 'nezahualcoyotl'),
(883, 'Naucalpan de Juarez', 'MX', NULL, NULL, 0, 'naucalpan-de-juarez'),
(884, 'Toluca', 'MX', NULL, NULL, 0, 'toluca'),
(885, 'Vera Cruz', 'MX', NULL, NULL, 0, 'vera-cruz'),
(886, 'Zapopan', 'MX', NULL, NULL, 0, 'zapopan'),
(887, 'St Petersburg', 'RU', NULL, NULL, 0, 'st-petersburg'),
(888, 'Novosibirk', 'RU', NULL, NULL, 0, 'novosibirk'),
(889, 'Yekaternburg', 'RU', NULL, NULL, 0, 'yekaternburg'),
(890, 'Nizhny Novgorod', 'RU', NULL, NULL, 0, 'nizhny-novgorod'),
(891, 'Samara', 'RU', NULL, NULL, 0, 'samara'),
(892, 'Omsk', 'RU', NULL, NULL, 0, 'omsk'),
(893, 'Kazan', 'RU', NULL, NULL, 0, 'kazan'),
(894, 'Chelyabinsk', 'RU', NULL, NULL, 0, 'chelyabinsk'),
(895, 'Ufa', 'RU', NULL, NULL, 0, 'ufa'),
(896, 'Volgograd', 'RU', NULL, NULL, 0, 'volgograd'),
(897, 'Perm', 'RU', NULL, NULL, 0, 'perm'),
(898, 'Krasnoyarsk', 'RU', NULL, NULL, 0, 'krasnoyarsk'),
(899, 'Voronezh', 'RU', NULL, NULL, 0, 'voronezh'),
(900, 'Saratov', 'RU', NULL, NULL, 0, 'saratov'),
(901, 'Krasnodar', 'RU', NULL, NULL, 0, 'krasnodar'),
(902, 'Tolyatti', 'RU', NULL, NULL, 0, 'tolyatti'),
(903, 'Izhevsk', 'RU', NULL, NULL, 0, 'izhevsk'),
(904, 'Ulyanovsk', 'RU', NULL, NULL, 0, 'ulyanovsk'),
(905, 'Barnaul', 'RU', NULL, NULL, 0, 'barnaul'),
(906, 'Tianjin', 'CN', NULL, NULL, 0, 'tianjin'),
(907, 'Chongqing', 'CN', NULL, NULL, 0, 'chongqing'),
(908, 'Chengdu', 'CN', NULL, NULL, 0, 'chengdu'),
(909, 'Dalian', 'CN', NULL, NULL, 0, 'dalian'),
(910, 'Guangzhou', 'CN', NULL, NULL, 0, 'guangzhou'),
(911, 'Hangzhou', 'CN', NULL, NULL, 0, 'hangzhou'),
(912, 'Nanjing', 'CN', NULL, NULL, 0, 'nanjing'),
(913, 'Shenyang', 'CN', NULL, NULL, 0, 'shenyang'),
(914, 'Shenzhen', 'CN', NULL, NULL, 0, 'shenzhen'),
(915, 'Wuhan', 'CN', NULL, NULL, 0, 'wuhan'),
(916, 'Xiân', 'CN', NULL, NULL, 0, 'xiân'),
(917, 'Brisbane', 'AU', NULL, NULL, 0, 'brisbane'),
(918, 'Perth', 'AU', NULL, NULL, 0, 'perth'),
(919, 'Adelaide', 'AU', NULL, NULL, 0, 'adelaide'),
(920, 'Cairns', 'AU', NULL, NULL, 0, 'cairns'),
(921, 'Canberra', 'AU', NULL, NULL, 0, 'canberra'),
(922, 'Darwin', 'AU', NULL, NULL, 0, 'darwin'),
(923, 'Gold Coast', 'AU', NULL, NULL, 0, 'gold-coast'),
(924, 'Newcastle', 'AU', NULL, NULL, 0, 'newcastle'),
(925, 'Tasmania', 'AU', NULL, NULL, 0, 'tasmania'),
(926, 'Wollongong', 'AU', NULL, NULL, 0, 'wollongong'),
(927, 'Geelong', 'AU', NULL, NULL, 0, 'geelong'),
(928, 'Salvador', 'BR', NULL, NULL, 0, 'salvador'),
(929, 'Brasilia', 'BR', NULL, NULL, 0, 'brasilia'),
(930, 'Belo Horizonte', 'BR', NULL, NULL, 0, 'belo-horizonte'),
(931, 'Curitiba', 'BR', NULL, NULL, 0, 'curitiba'),
(932, 'Fortaleza', 'BR', NULL, NULL, 0, 'fortaleza'),
(933, 'Porto Alegre', 'BR', NULL, NULL, 0, 'porto-alegre'),
(934, 'Recife', 'BR', NULL, NULL, 0, 'recife'),
(935, 'Kolkata', 'IN', NULL, NULL, 0, 'kolkata'),
(936, 'Hyderabad', 'IN', NULL, NULL, 0, 'hyderabad'),
(937, 'Ahmedabad', 'IN', NULL, NULL, 0, 'ahmedabad'),
(938, 'Chennai (Madras)', 'IN', NULL, NULL, 0, 'chennai-(madras)'),
(939, 'Surat', 'IN', NULL, NULL, 0, 'surat'),
(940, 'Pune', 'IN', NULL, NULL, 0, 'pune'),
(941, 'Jaipur', 'IN', NULL, NULL, 0, 'jaipur'),
(942, 'Bhubaneswar', 'IN', NULL, NULL, 0, 'bhubaneswar'),
(943, 'Chandigarth', 'IN', NULL, NULL, 0, 'chandigarth'),
(944, 'Goa', 'IN', NULL, NULL, 0, 'goa'),
(945, 'Indore', 'IN', NULL, NULL, 0, 'indore'),
(946, 'Jaipur', 'IN', NULL, NULL, 0, 'jaipur'),
(947, 'Kerala', 'IN', NULL, NULL, 0, 'kerala'),
(948, 'Lucknow', 'IN', NULL, NULL, 0, 'lucknow'),
(949, 'Frankfurt', 'DE', NULL, NULL, 0, 'frankfurt'),
(950, 'Hamburg', 'DE', NULL, NULL, 0, 'hamburg'),
(951, 'Munich', 'DE', NULL, NULL, 0, 'munich'),
(952, 'Cologne', 'DE', NULL, NULL, 0, 'cologne'),
(953, 'Augsburg', 'DE', NULL, NULL, 0, 'augsburg'),
(954, 'Bochum', 'DE', NULL, NULL, 0, 'bochum'),
(955, 'Bremen', 'DE', NULL, NULL, 0, 'bremen'),
(956, 'Freiburg imBreisgau', 'DE', NULL, NULL, 0, 'freiburg-imbreisgau'),
(957, 'Göttingen', 'DE', NULL, NULL, 0, 'göttingen'),
(958, 'Greifswald', 'DE', NULL, NULL, 0, 'greifswald'),
(959, 'Heidelberg', 'DE', NULL, NULL, 0, 'heidelberg'),
(960, 'Dortmund', 'DE', NULL, NULL, 0, 'dortmund'),
(961, 'Dresden', 'DE', NULL, NULL, 0, 'dresden'),
(962, 'Duisburg', 'DE', NULL, NULL, 0, 'duisburg'),
(963, 'Düsseldorf', 'DE', NULL, NULL, 0, 'düsseldorf'),
(964, 'Essen', 'DE', NULL, NULL, 0, 'essen'),
(965, 'Hanover', 'DE', NULL, NULL, 0, 'hanover'),
(966, 'Jena', 'DE', NULL, NULL, 0, 'jena'),
(967, 'Kaiserslautern', 'DE', NULL, NULL, 0, 'kaiserslautern'),
(968, 'Konstanz', 'DE', NULL, NULL, 0, 'konstanz'),
(969, 'Leipzig', 'DE', NULL, NULL, 0, 'leipzig'),
(970, 'Mannheim', 'DE', NULL, NULL, 0, 'mannheim'),
(971, 'Marburg', 'DE', NULL, NULL, 0, 'marburg'),
(972, 'Nuremberg', 'DE', NULL, NULL, 0, 'nuremberg'),
(973, 'Oberhausen', 'DE', NULL, NULL, 0, 'oberhausen'),
(974, 'Ramstein', 'DE', NULL, NULL, 0, 'ramstein'),
(975, 'Stuttgart', 'DE', NULL, NULL, 0, 'stuttgart'),
(976, 'Tubingen', 'DE', NULL, NULL, 0, 'tubingen'),
(977, 'Wuppertal', 'DE', NULL, NULL, 0, 'wuppertal'),
(978, 'Wiesbaden', 'DE', NULL, NULL, 0, 'wiesbaden'),
(979, 'Saarbrücken', 'DE', NULL, NULL, 0, 'saarbrücken'),
(980, 'Landau', 'DE', NULL, NULL, 0, 'landau'),
(981, 'Birmingham', 'GB', NULL, NULL, 0, 'birmingham'),
(982, 'Glasgow', 'GB', NULL, NULL, 0, 'glasgow'),
(983, 'Liverpool', 'GB', NULL, NULL, 0, 'liverpool'),
(984, 'Leeds', 'GB', NULL, NULL, 0, 'leeds'),
(985, 'Sheffield', 'GB', NULL, NULL, 0, 'sheffield'),
(986, 'Aberdeen', 'GB', NULL, NULL, 0, 'aberdeen'),
(987, 'Bath', 'GB', NULL, NULL, 0, 'bath'),
(988, 'Belfast', 'GB', NULL, NULL, 0, 'belfast'),
(989, 'Belfield', 'GB', NULL, NULL, 0, 'belfield'),
(990, 'Blackpool', 'GB', NULL, NULL, 0, 'blackpool'),
(991, 'Bolton', 'GB', NULL, NULL, 0, 'bolton'),
(992, 'Bournemouth', 'GB', NULL, NULL, 0, 'bournemouth'),
(993, 'Brighton', 'GB', NULL, NULL, 0, 'brighton'),
(994, 'Bristol', 'GB', NULL, NULL, 0, 'bristol'),
(995, 'Bradford', 'GB', NULL, NULL, 0, 'bradford'),
(996, 'Cambridge', 'GB', NULL, NULL, 0, 'cambridge'),
(997, 'Castletroy', 'GB', NULL, NULL, 0, 'castletroy'),
(998, 'Cardiff', 'GB', NULL, NULL, 0, 'cardiff'),
(999, 'Colchester', 'GB', NULL, NULL, 0, 'colchester'),
(1000, 'Coventry', 'GB', NULL, NULL, 0, 'coventry'),
(1001, 'Crawley', 'GB', NULL, NULL, 0, 'crawley'),
(1002, 'Dundee', 'GB', NULL, NULL, 0, 'dundee'),
(1003, 'Durby Dudley', 'GB', NULL, NULL, 0, 'durby-dudley'),
(1004, 'Edinburgh', 'GB', NULL, NULL, 0, 'edinburgh'),
(1005, 'Gloucester', 'GB', NULL, NULL, 0, 'gloucester'),
(1006, 'Hiddersfield', 'GB', NULL, NULL, 0, 'hiddersfield'),
(1007, 'Kingston upon Hill', 'GB', NULL, NULL, 0, 'kingston-upon-hill'),
(1008, 'Leicester', 'GB', NULL, NULL, 0, 'leicester'),
(1009, 'Luton Preston', 'GB', NULL, NULL, 0, 'luton-preston'),
(1010, 'Maynooth', 'GB', NULL, NULL, 0, 'maynooth'),
(1011, 'Middlesbrough', 'GB', NULL, NULL, 0, 'middlesbrough'),
(1012, 'Milton Keynes', 'GB', NULL, NULL, 0, 'milton-keynes'),
(1013, 'Newport', 'GB', NULL, NULL, 0, 'newport'),
(1014, 'Newcastle upon Tyne', 'GB', NULL, NULL, 0, 'newcastle-upon-tyne'),
(1015, 'Northampton', 'GB', NULL, NULL, 0, 'northampton'),
(1016, 'Norwich', 'GB', NULL, NULL, 0, 'norwich'),
(1017, 'Nottingham', 'GB', NULL, NULL, 0, 'nottingham'),
(1018, 'Oxford', 'GB', NULL, NULL, 0, 'oxford'),
(1019, 'Plymouth', 'GB', NULL, NULL, 0, 'plymouth'),
(1020, 'Portsmouth', 'GB', NULL, NULL, 0, 'portsmouth'),
(1021, 'Poole', 'GB', NULL, NULL, 0, 'poole'),
(1022, 'Reading', 'GB', NULL, NULL, 0, 'reading'),
(1023, 'Southampton', 'GB', NULL, NULL, 0, 'southampton');
INSERT INTO `location_cities` (`city_id`, `city_name`, `country`, `state`, `parent_city_id`, `is_big_cities`, `url_name`) VALUES
(1024, 'Southend-on-Sea', 'GB', NULL, NULL, 0, 'southend-on-sea'),
(1025, 'Stoke-on-Trent', 'GB', NULL, NULL, 0, 'stoke-on-trent'),
(1026, 'Sutton Coldfield', 'GB', NULL, NULL, 0, 'sutton-coldfield'),
(1027, 'Swansea', 'GB', NULL, NULL, 0, 'swansea'),
(1028, 'Swindon', 'GB', NULL, NULL, 0, 'swindon'),
(1029, 'Sunderland', 'GB', NULL, NULL, 0, 'sunderland'),
(1030, 'Wolverhampton', 'GB', NULL, NULL, 0, 'wolverhampton'),
(1031, 'Walsal', 'GB', NULL, NULL, 0, 'walsal'),
(1032, 'West Bromwich', 'GB', NULL, NULL, 0, 'west-bromwich'),
(1033, 'Whitehall', 'GB', NULL, NULL, 0, 'whitehall'),
(1034, 'York', 'GB', NULL, NULL, 0, 'york'),
(1035, 'Yokohama', 'JP', NULL, NULL, 0, 'yokohama'),
(1036, 'Osaka', 'JP', NULL, NULL, 0, 'osaka'),
(1037, 'Nagoya', 'JP', NULL, NULL, 0, 'nagoya'),
(1038, 'Sapporo', 'JP', NULL, NULL, 0, 'sapporo'),
(1039, 'Kobe', 'JP', NULL, NULL, 0, 'kobe'),
(1040, 'Kyoto', 'JP', NULL, NULL, 0, 'kyoto'),
(1041, 'Fukuoka', 'JP', NULL, NULL, 0, 'fukuoka'),
(1042, 'Kawasaki', 'JP', NULL, NULL, 0, 'kawasaki'),
(1043, 'Hiroshima', 'JP', NULL, NULL, 0, 'hiroshima'),
(1044, 'Okinawa', 'JP', NULL, NULL, 0, 'okinawa'),
(1045, 'Sendai', 'JP', NULL, NULL, 0, 'sendai'),
(1046, 'Cape Town', 'ZA', NULL, NULL, 0, 'cape-town'),
(1047, 'Durban', 'ZA', NULL, NULL, 0, 'durban'),
(1048, 'Johannesburg', 'ZA', NULL, NULL, 0, 'johannesburg'),
(1049, 'Pretoria', 'ZA', NULL, NULL, 0, 'pretoria');

-- --------------------------------------------------------

--
-- Table structure for table `location_continent`
--

CREATE TABLE IF NOT EXISTS `location_continent` (
  `continent_id` int(11) NOT NULL AUTO_INCREMENT,
  `continent_name` varchar(255) NOT NULL,
  `continent_display_name` varchar(255) NOT NULL,
  `homepage_position` tinyint(1) DEFAULT NULL,
  `url_name` varchar(10) NOT NULL,
  PRIMARY KEY (`continent_id`)
) ENGINE=InnoDB  DEFAULT CHARSET=latin1 AUTO_INCREMENT=6 ;

--
-- Dumping data for table `location_continent`
--

INSERT INTO `location_continent` (`continent_id`, `continent_name`, `continent_display_name`, `homepage_position`, `url_name`) VALUES
(1, 'america', 'America', 2, 'america'),
(2, 'europe', 'Europe', 1, 'europe'),
(3, 'asia', 'Asia', 3, 'asia'),
(4, 'africa', 'Africa', 4, 'africa'),
(5, 'oceania', 'Oceania', NULL, 'oceania');

-- --------------------------------------------------------

--
-- Table structure for table `location_countries`
--

CREATE TABLE IF NOT EXISTS `location_countries` (
  `id` varchar(2) NOT NULL,
  `name` varchar(80) NOT NULL,
  `printable_name` varchar(80) NOT NULL,
  `iso3` varchar(3) DEFAULT NULL,
  `numcode` int(6) DEFAULT NULL,
  `continent_id` tinyint(1) NOT NULL DEFAULT '0',
  `enabled` tinyint(1) NOT NULL DEFAULT '0',
  `is_frequently_used` tinyint(1) NOT NULL DEFAULT '0',
  `homepage_position` tinyint(2) DEFAULT NULL,
  `url_name` varchar(255) NOT NULL,
  PRIMARY KEY (`id`)
) ENGINE=InnoDB DEFAULT CHARSET=latin1;

--
-- Dumping data for table `location_countries`
--

INSERT INTO `location_countries` (`id`, `name`, `printable_name`, `iso3`, `numcode`, `continent_id`, `enabled`, `is_frequently_used`, `homepage_position`, `url_name`) VALUES
('', 'VC', 'Virtual Country', 'VCd', 989, 0, 0, 0, NULL, 'virtual-country'),
('AD', 'ANDORRA', 'Andorra', 'AND', 20, 0, 0, 0, NULL, 'andorra'),
('AE', 'UNITED ARAB EMIRATES', 'United Arab Emirates', 'ARE', 784, 3, 1, 0, NULL, 'united-arab-emirates'),
('AF', 'AFGHANISTAN', 'Afghanistan', 'AFG', 4, 0, 0, 0, NULL, 'afghanistan'),
('AG', 'ANTIGUA AND BARBUDA', 'Antigua and Barbuda', 'ATG', 28, 0, 0, 0, NULL, 'antigua-and-barbuda'),
('AI', 'ANGUILLA', 'Anguilla', 'AIA', 660, 0, 0, 0, NULL, 'anguilla'),
('AL', 'ALBANIA', 'Albania', 'ALB', 8, 0, 0, 0, NULL, 'albania'),
('AM', 'ARMENIA', 'Armenia', 'ARM', 51, 0, 0, 0, NULL, 'armenia'),
('AN', 'NETHERLANDS ANTILLES', 'Netherlands Antilles', 'ANT', 530, 0, 0, 0, NULL, 'netherlands-antilles'),
('AO', 'ANGOLA', 'Angola', 'AGO', 24, 0, 0, 0, NULL, 'angola'),
('AQ', 'ANTARCTICA', 'Antarctica', NULL, NULL, 0, 0, 0, NULL, 'antarctica'),
('AR', 'ARGENTINA', 'Argentina', 'ARG', 32, 1, 1, 0, NULL, 'argentina'),
('AS', 'AMERICAN SAMOA', 'American Samoa', 'ASM', 16, 0, 0, 0, NULL, 'american-samoa'),
('AT', 'AUSTRIA', 'Austria', 'AUT', 40, 2, 1, 0, NULL, 'austria'),
('AU', 'AUSTRALIA', 'Australia', 'AUS', 36, 0, 1, 1, 5, 'australia'),
('AW', 'ARUBA', 'Aruba', 'ABW', 533, 0, 0, 0, NULL, 'aruba'),
('AZ', 'AZERBAIJAN', 'Azerbaijan', 'AZE', 31, 0, 0, 0, NULL, 'azerbaijan'),
('BA', 'BOSNIA AND HERZEGOVINA', 'Bosnia and Herzegovina', 'BIH', 70, 0, 0, 0, NULL, 'bosnia-and-herzegovina'),
('BB', 'BARBADOS', 'Barbados', 'BRB', 52, 0, 0, 0, NULL, 'barbados'),
('BD', 'BANGLADESH', 'Bangladesh', 'BGD', 50, 3, 1, 0, NULL, 'bangladesh'),
('BE', 'BELGIUM', 'Belgium', 'BEL', 56, 2, 1, 0, NULL, 'belgium'),
('BF', 'BURKINA FASO', 'Burkina Faso', 'BFA', 854, 0, 0, 0, NULL, 'burkina-faso'),
('BG', 'BULGARIA', 'Bulgaria', 'BGR', 100, 2, 1, 0, NULL, 'bulgaria'),
('BH', 'BAHRAIN', 'Bahrain', 'BHR', 48, 0, 0, 0, NULL, 'bahrain'),
('BI', 'BURUNDI', 'Burundi', 'BDI', 108, 0, 0, 0, NULL, 'burundi'),
('BJ', 'BENIN', 'Benin', 'BEN', 204, 0, 0, 0, NULL, 'benin'),
('BM', 'BERMUDA', 'Bermuda', 'BMU', 60, 0, 0, 0, NULL, 'bermuda'),
('BN', 'BRUNEI DARUSSALAM', 'Brunei Darussalam', 'BRN', 96, 0, 0, 0, NULL, 'brunei-darussalam'),
('BO', 'BOLIVIA', 'Bolivia', 'BOL', 68, 1, 1, 0, NULL, 'bolivia'),
('BR', 'BRAZIL', 'Brazil', 'BRA', 76, 1, 1, 1, 6, 'brazil'),
('BS', 'BAHAMAS', 'Bahamas', 'BHS', 44, 0, 0, 0, NULL, 'bahamas'),
('BT', 'BHUTAN', 'Bhutan', 'BTN', 64, 0, 0, 0, NULL, 'bhutan'),
('BV', 'BOUVET ISLAND', 'Bouvet Island', NULL, NULL, 0, 0, 0, NULL, 'bouvet-island'),
('BW', 'BOTSWANA', 'Botswana', 'BWA', 72, 0, 0, 0, NULL, 'botswana'),
('BY', 'BELARUS', 'Belarus', 'BLR', 112, 0, 0, 0, NULL, 'belarus'),
('BZ', 'BELIZE', 'Belize', 'BLZ', 84, 0, 0, 0, NULL, 'belize'),
('CA', 'CANADA', 'Canada', 'CAN', 124, 1, 1, 1, 1, 'canada'),
('CC', 'COCOS (KEELING) ISLANDS', 'Cocos (Keeling) Islands', NULL, NULL, 0, 0, 0, NULL, 'cocos-keeling-islands'),
('CD', 'CONGO, THE DEMOCRATIC REPUBLIC OF THE', 'Congo, the Democratic Republic of the', 'COD', 180, 0, 0, 0, NULL, 'congo-the-democratic-republic-of-the'),
('CF', 'CENTRAL AFRICAN REPUBLIC', 'Central African Republic', 'CAF', 140, 0, 0, 0, NULL, 'central-african-republic'),
('CG', 'CONGO', 'Congo', 'COG', 178, 0, 0, 0, NULL, 'congo'),
('CH', 'SWITZERLAND', 'Switzerland', 'CHE', 756, 2, 1, 0, NULL, 'switzerland'),
('CI', 'COTE D''IVOIRE', 'Cote D''Ivoire', 'CIV', 384, 0, 0, 0, NULL, 'cote-divoire'),
('CK', 'COOK ISLANDS', 'Cook Islands', 'COK', 184, 0, 0, 0, NULL, 'cook-islands'),
('CL', 'CHILE', 'Chile', 'CHL', 152, 1, 1, 0, NULL, 'chile'),
('CM', 'CAMEROON', 'Cameroon', 'CMR', 120, 0, 0, 0, NULL, 'cameroon'),
('CN', 'CHINA', 'China', 'CHN', 156, 3, 1, 0, NULL, 'china'),
('CO', 'COLOMBIA', 'Colombia', 'COL', 170, 1, 1, 0, NULL, 'colombia'),
('CR', 'COSTA RICA', 'Costa Rica', 'CRI', 188, 1, 1, 0, NULL, 'costa-rica'),
('CS', 'SERBIA AND MONTENEGRO', 'Serbia and Montenegro', NULL, NULL, 0, 0, 0, NULL, 'serbia-and-montenegro'),
('CU', 'CUBA', 'Cuba', 'CUB', 192, 0, 0, 0, NULL, 'cuba'),
('CV', 'CAPE VERDE', 'Cape Verde', 'CPV', 132, 0, 0, 0, NULL, 'cape-verde'),
('CX', 'CHRISTMAS ISLAND', 'Christmas Island', NULL, NULL, 0, 0, 0, NULL, 'christmas-island'),
('CY', 'CYPRUS', 'Cyprus', 'CYP', 196, 0, 0, 0, NULL, 'cyprus'),
('CZ', 'CZECH REPUBLIC', 'Czech Republic', 'CZE', 203, 2, 1, 0, NULL, 'czech-republic'),
('DE', 'GERMANY', 'Germany', 'DEU', 276, 2, 1, 1, 4, 'germany'),
('DJ', 'DJIBOUTI', 'Djibouti', 'DJI', 262, 0, 0, 0, NULL, 'djibouti'),
('DK', 'DENMARK', 'Denmark', 'DNK', 208, 2, 1, 0, NULL, 'denmark'),
('DM', 'DOMINICA', 'Dominica', 'DMA', 212, 0, 0, 0, NULL, 'dominica'),
('DO', 'DOMINICAN REPUBLIC', 'Dominican Republic', 'DOM', 214, 0, 0, 0, NULL, 'dominican-republic'),
('DZ', 'ALGERIA', 'Algeria', 'DZA', 12, 0, 0, 0, NULL, 'algeria'),
('EC', 'ECUADOR', 'Ecuador', 'ECU', 218, 1, 1, 0, NULL, 'ecuador'),
('EE', 'ESTONIA', 'Estonia', 'EST', 233, 0, 0, 0, NULL, 'estonia'),
('EG', 'EGYPT', 'Egypt', 'EGY', 818, 4, 1, 0, NULL, 'egypt'),
('EH', 'WESTERN SAHARA', 'Western Sahara', 'ESH', 732, 0, 0, 0, NULL, 'western-sahara'),
('ER', 'ERITREA', 'Eritrea', 'ERI', 232, 0, 0, 0, NULL, 'eritrea'),
('ES', 'SPAIN', 'Spain', 'ESP', 724, 2, 1, 0, NULL, 'spain'),
('ET', 'ETHIOPIA', 'Ethiopia', 'ETH', 231, 4, 1, 0, NULL, 'ethiopia'),
('FI', 'FINLAND', 'Finland', 'FIN', 246, 2, 1, 0, NULL, 'finland'),
('FJ', 'FIJI', 'Fiji', 'FJI', 242, 0, 0, 0, NULL, 'fiji'),
('FK', 'FALKLAND ISLANDS (MALVINAS)', 'Falkland Islands (Malvinas)', 'FLK', 238, 0, 0, 0, NULL, 'falkland-islands-malvinas'),
('FM', 'MICRONESIA, FEDERATED STATES OF', 'Micronesia, Federated States of', 'FSM', 583, 0, 0, 0, NULL, 'micronesia-federated-states-of'),
('FO', 'FAROE ISLANDS', 'Faroe Islands', 'FRO', 234, 0, 0, 0, NULL, 'faroe-islands'),
('FR', 'FRANCE', 'France', 'FRA', 250, 2, 1, 0, NULL, 'france'),
('GA', 'GABON', 'Gabon', 'GAB', 266, 0, 0, 0, NULL, 'gabon'),
('GB', 'UNITED KINGDOM', 'United Kingdom', 'GBR', 826, 2, 1, 1, 3, 'united-kingdom'),
('GD', 'GRENADA', 'Grenada', 'GRD', 308, 0, 0, 0, NULL, 'grenada'),
('GE', 'GEORGIA', 'Georgia', 'GEO', 268, 0, 0, 0, NULL, 'georgia'),
('GF', 'FRENCH GUIANA', 'French Guiana', 'GUF', 254, 0, 0, 0, NULL, 'french-guiana'),
('GH', 'GHANA', 'Ghana', 'GHA', 288, 4, 1, 0, NULL, 'ghana'),
('GI', 'GIBRALTAR', 'Gibraltar', 'GIB', 292, 0, 0, 0, NULL, 'gibraltar'),
('GL', 'GREENLAND', 'Greenland', 'GRL', 304, 0, 0, 0, NULL, 'greenland'),
('GM', 'GAMBIA', 'Gambia', 'GMB', 270, 0, 0, 0, NULL, 'gambia'),
('GN', 'GUINEA', 'Guinea', 'GIN', 324, 0, 0, 0, NULL, 'guinea'),
('GP', 'GUADELOUPE', 'Guadeloupe', 'GLP', 312, 0, 0, 0, NULL, 'guadeloupe'),
('GQ', 'EQUATORIAL GUINEA', 'Equatorial Guinea', 'GNQ', 226, 0, 0, 0, NULL, 'equatorial-guinea'),
('GR', 'GREECE', 'Greece', 'GRC', 300, 2, 1, 0, NULL, 'greece'),
('GS', 'SOUTH GEORGIA AND THE SOUTH SANDWICH ISLANDS', 'South Georgia and the South Sandwich Islands', NULL, NULL, 0, 0, 0, NULL, 'south-georgia-and-the-south-sandwich-islands'),
('GT', 'GUATEMALA', 'Guatemala', 'GTM', 320, 1, 1, 0, NULL, 'guatemala'),
('GU', 'GUAM', 'Guam', 'GUM', 316, 0, 0, 0, NULL, 'guam'),
('GW', 'GUINEA-BISSAU', 'Guinea-Bissau', 'GNB', 624, 0, 0, 0, NULL, 'guinea-bissau'),
('GY', 'GUYANA', 'Guyana', 'GUY', 328, 0, 0, 0, NULL, 'guyana'),
('HK', 'HONG KONG', 'Hong Kong', 'HKG', 344, 0, 0, 0, NULL, 'hong-kong'),
('HM', 'HEARD ISLAND AND MCDONALD ISLANDS', 'Heard Island and Mcdonald Islands', NULL, NULL, 0, 0, 0, NULL, 'heard-island-and-mcdonald-islands'),
('HN', 'HONDURAS', 'Honduras', 'HND', 340, 0, 0, 0, NULL, 'honduras'),
('HR', 'CROATIA', 'Croatia', 'HRV', 191, 2, 1, 0, NULL, 'croatia'),
('HT', 'HAITI', 'Haiti', 'HTI', 332, 0, 0, 0, NULL, 'haiti'),
('HU', 'HUNGARY', 'Hungary', 'HUN', 348, 2, 1, 0, NULL, 'hungary'),
('ID', 'INDONESIA', 'Indonesia', 'IDN', 360, 3, 1, 0, NULL, 'indonesia'),
('IE', 'IRELAND', 'Ireland', 'IRL', 372, 2, 1, 0, NULL, 'ireland'),
('IL', 'ISRAEL', 'Israel', 'ISR', 376, 3, 1, 0, NULL, 'israel'),
('IN', 'INDIA', 'India', 'IND', 356, 3, 1, 1, 8, 'india'),
('IO', 'BRITISH INDIAN OCEAN TERRITORY', 'British Indian Ocean Territory', NULL, NULL, 0, 0, 0, NULL, 'british-indian-ocean-territory'),
('IQ', 'IRAQ', 'Iraq', 'IRQ', 368, 3, 1, 0, NULL, 'iraq'),
('IR', 'IRAN, ISLAMIC REPUBLIC OF', 'Iran, Islamic Republic of', 'IRN', 364, 3, 1, 0, NULL, 'iran-islamic-republic-of'),
('IS', 'ICELAND', 'Iceland', 'ISL', 352, 2, 1, 0, NULL, 'iceland'),
('IT', 'ITALY', 'Italy', 'ITA', 380, 2, 1, 0, NULL, 'italy'),
('JM', 'JAMAICA', 'Jamaica', 'JAM', 388, 0, 0, 0, NULL, 'jamaica'),
('JO', 'JORDAN', 'Jordan', 'JOR', 400, 0, 0, 0, NULL, 'jordan'),
('JP', 'JAPAN', 'Japan', 'JPN', 392, 3, 1, 1, 7, 'japan'),
('KE', 'KENYA', 'Kenya', 'KEN', 404, 0, 0, 0, NULL, 'kenya'),
('KG', 'KYRGYZSTAN', 'Kyrgyzstan', 'KGZ', 417, 0, 0, 0, NULL, 'kyrgyzstan'),
('KH', 'CAMBODIA', 'Cambodia', 'KHM', 116, 0, 0, 0, NULL, 'cambodia'),
('KI', 'KIRIBATI', 'Kiribati', 'KIR', 296, 0, 0, 0, NULL, 'kiribati'),
('KM', 'COMOROS', 'Comoros', 'COM', 174, 0, 0, 0, NULL, 'comoros'),
('KN', 'SAINT KITTS AND NEVIS', 'Saint Kitts and Nevis', 'KNA', 659, 0, 0, 0, NULL, 'saint-kitts-and-nevis'),
('KP', 'KOREA, DEMOCRATIC PEOPLE''S REPUBLIC OF', 'Korea, Democratic People''s Republic of', 'PRK', 408, 0, 0, 0, NULL, 'korea-democratic-peoples-republic-of'),
('KR', 'KOREA, REPUBLIC OF', 'Korea, Republic of', 'KOR', 410, 3, 1, 0, NULL, 'korea-republic-of'),
('KW', 'KUWAIT', 'Kuwait', 'KWT', 414, 3, 1, 0, NULL, 'kuwait'),
('KY', 'CAYMAN ISLANDS', 'Cayman Islands', 'CYM', 136, 0, 0, 0, NULL, 'cayman-islands'),
('KZ', 'KAZAKHSTAN', 'Kazakhstan', 'KAZ', 398, 0, 0, 0, NULL, 'kazakhstan'),
('LA', 'LAO PEOPLE''S DEMOCRATIC REPUBLIC', 'Lao People''s Democratic Republic', 'LAO', 418, 0, 0, 0, NULL, 'lao-peoples-democratic-republic'),
('LB', 'LEBANON', 'Lebanon', 'LBN', 422, 3, 1, 0, NULL, 'lebanon'),
('LC', 'SAINT LUCIA', 'Saint Lucia', 'LCA', 662, 0, 0, 0, NULL, 'saint-lucia'),
('LI', 'LIECHTENSTEIN', 'Liechtenstein', 'LIE', 438, 0, 0, 0, NULL, 'liechtenstein'),
('LK', 'SRI LANKA', 'Sri Lanka', 'LKA', 144, 0, 0, 0, NULL, 'sri-lanka'),
('LR', 'LIBERIA', 'Liberia', 'LBR', 430, 0, 0, 0, NULL, 'liberia'),
('LS', 'LESOTHO', 'Lesotho', 'LSO', 426, 0, 0, 0, NULL, 'lesotho'),
('LT', 'LITHUANIA', 'Lithuania', 'LTU', 440, 0, 0, 0, NULL, 'lithuania'),
('LU', 'LUXEMBOURG', 'Luxembourg', 'LUX', 442, 2, 1, 0, NULL, 'luxembourg'),
('LV', 'LATVIA', 'Latvia', 'LVA', 428, 0, 0, 0, NULL, 'latvia'),
('LY', 'LIBYAN ARAB JAMAHIRIYA', 'Libyan Arab Jamahiriya', 'LBY', 434, 0, 0, 0, NULL, 'libyan-arab-jamahiriya'),
('MA', 'MOROCCO', 'Morocco', 'MAR', 504, 4, 1, 0, NULL, 'morocco'),
('MC', 'MONACO', 'Monaco', 'MCO', 492, 0, 0, 0, NULL, 'monaco'),
('MD', 'MOLDOVA, REPUBLIC OF', 'Moldova, Republic of', 'MDA', 498, 0, 0, 0, NULL, 'moldova-republic-of'),
('MG', 'MADAGASCAR', 'Madagascar', 'MDG', 450, 0, 0, 0, NULL, 'madagascar'),
('MH', 'MARSHALL ISLANDS', 'Marshall Islands', 'MHL', 584, 0, 0, 0, NULL, 'marshall-islands'),
('MK', 'MACEDONIA, THE FORMER YUGOSLAV REPUBLIC OF', 'Macedonia, the Former Yugoslav Republic of', 'MKD', 807, 0, 0, 0, NULL, 'macedonia-the-former-yugoslav-republic-of'),
('ML', 'MALI', 'Mali', 'MLI', 466, 0, 0, 0, NULL, 'mali'),
('MM', 'MYANMAR', 'Myanmar', 'MMR', 104, 0, 0, 0, NULL, 'myanmar'),
('MN', 'MONGOLIA', 'Mongolia', 'MNG', 496, 0, 0, 0, NULL, 'mongolia'),
('MO', 'MACAO', 'Macao', 'MAC', 446, 0, 0, 0, NULL, 'macao'),
('MP', 'NORTHERN MARIANA ISLANDS', 'Northern Mariana Islands', 'MNP', 580, 0, 0, 0, NULL, 'northern-mariana-islands'),
('MQ', 'MARTINIQUE', 'Martinique', 'MTQ', 474, 0, 0, 0, NULL, 'martinique'),
('MR', 'MAURITANIA', 'Mauritania', 'MRT', 478, 0, 0, 0, NULL, 'mauritania'),
('MS', 'MONTSERRAT', 'Montserrat', 'MSR', 500, 0, 0, 0, NULL, 'montserrat'),
('MT', 'MALTA', 'Malta', 'MLT', 470, 0, 0, 0, NULL, 'malta'),
('MU', 'MAURITIUS', 'Mauritius', 'MUS', 480, 0, 0, 0, NULL, 'mauritius'),
('MV', 'MALDIVES', 'Maldives', 'MDV', 462, 0, 0, 0, NULL, 'maldives'),
('MW', 'MALAWI', 'Malawi', 'MWI', 454, 0, 0, 0, NULL, 'malawi'),
('MX', 'MEXICO', 'Mexico', 'MEX', 484, 1, 1, 1, 2, 'mexico'),
('MY', 'MALAYSIA', 'Malaysia', 'MYS', 458, 3, 1, 0, NULL, 'malaysia'),
('MZ', 'MOZAMBIQUE', 'Mozambique', 'MOZ', 508, 0, 0, 0, NULL, 'mozambique'),
('NA', 'NAMIBIA', 'Namibia', 'NAM', 516, 0, 0, 0, NULL, 'namibia'),
('NC', 'NEW CALEDONIA', 'New Caledonia', 'NCL', 540, 0, 0, 0, NULL, 'new-caledonia'),
('NE', 'NIGER', 'Niger', 'NER', 562, 0, 0, 0, NULL, 'niger'),
('NF', 'NORFOLK ISLAND', 'Norfolk Island', 'NFK', 574, 0, 0, 0, NULL, 'norfolk-island'),
('NG', 'NIGERIA', 'Nigeria', 'NGA', 566, 4, 1, 0, NULL, 'nigeria'),
('NI', 'NICARAGUA', 'Nicaragua', 'NIC', 558, 1, 1, 0, NULL, 'nicaragua'),
('NL', 'NETHERLANDS', 'Netherlands', 'NLD', 528, 2, 1, 0, NULL, 'netherlands'),
('NO', 'NORWAY', 'Norway', 'NOR', 578, 2, 1, 0, NULL, 'norway'),
('NP', 'NEPAL', 'Nepal', 'NPL', 524, 0, 0, 0, NULL, 'nepal'),
('NR', 'NAURU', 'Nauru', 'NRU', 520, 0, 0, 0, NULL, 'nauru'),
('NU', 'NIUE', 'Niue', 'NIU', 570, 0, 0, 0, NULL, 'niue'),
('NZ', 'NEW ZEALAND', 'New Zealand', 'NZL', 554, 0, 0, 0, NULL, 'new-zealand'),
('OM', 'OMAN', 'Oman', 'OMN', 512, 0, 0, 0, NULL, 'oman'),
('PA', 'PANAMA', 'Panama', 'PAN', 591, 1, 1, 0, NULL, 'panama'),
('PE', 'PERU', 'Peru', 'PER', 604, 1, 1, 0, NULL, 'peru'),
('PF', 'FRENCH POLYNESIA', 'French Polynesia', 'PYF', 258, 0, 0, 0, NULL, 'french-polynesia'),
('PG', 'PAPUA NEW GUINEA', 'Papua New Guinea', 'PNG', 598, 0, 0, 0, NULL, 'papua-new-guinea'),
('PH', 'PHILIPPINES', 'Philippines', 'PHL', 608, 3, 1, 0, NULL, 'philippines'),
('PK', 'PAKISTAN', 'Pakistan', 'PAK', 586, 3, 1, 0, NULL, 'pakistan'),
('PL', 'POLAND', 'Poland', 'POL', 616, 2, 1, 0, NULL, 'poland'),
('PM', 'SAINT PIERRE AND MIQUELON', 'Saint Pierre and Miquelon', 'SPM', 666, 0, 0, 0, NULL, 'saint-pierre-and-miquelon'),
('PN', 'PITCAIRN', 'Pitcairn', 'PCN', 612, 0, 0, 0, NULL, 'pitcairn'),
('PR', 'PUERTO RICO', 'Puerto Rico', 'PRI', 630, 0, 0, 0, NULL, 'puerto-rico'),
('PS', 'PALESTINIAN TERRITORY, OCCUPIED', 'Palestinian Territory, Occupied', NULL, NULL, 0, 0, 0, NULL, 'palestinian-territory-occupied'),
('PT', 'PORTUGAL', 'Portugal', 'PRT', 620, 2, 1, 0, NULL, 'portugal'),
('PW', 'PALAU', 'Palau', 'PLW', 585, 0, 0, 0, NULL, 'palau'),
('PY', 'PARAGUAY', 'Paraguay', 'PRY', 600, 0, 0, 0, NULL, 'paraguay'),
('QA', 'QATAR', 'Qatar', 'QAT', 634, 0, 0, 0, NULL, 'qatar'),
('RE', 'REUNION', 'Reunion', 'REU', 638, 0, 0, 0, NULL, 'reunion'),
('RO', 'ROMANIA', 'Romania', 'ROM', 642, 2, 1, 0, NULL, 'romania'),
('RU', 'RUSSIA', 'Russia', 'RUS', 643, 2, 1, 0, NULL, 'russia'),
('RW', 'RWANDA', 'Rwanda', 'RWA', 646, 0, 0, 0, NULL, 'rwanda'),
('SA', 'SAUDI ARABIA', 'Saudi Arabia', 'SAU', 682, 0, 0, 0, NULL, 'saudi-arabia'),
('SB', 'SOLOMON ISLANDS', 'Solomon Islands', 'SLB', 90, 0, 0, 0, NULL, 'solomon-islands'),
('SC', 'SEYCHELLES', 'Seychelles', 'SYC', 690, 0, 0, 0, NULL, 'seychelles'),
('SD', 'SUDAN', 'Sudan', 'SDN', 736, 0, 0, 0, NULL, 'sudan'),
('SE', 'SWEDEN', 'Sweden', 'SWE', 752, 2, 1, 0, NULL, 'sweden'),
('SG', 'SINGAPORE', 'Singapore', 'SGP', 702, 3, 1, 0, NULL, 'singapore'),
('SH', 'SAINT HELENA', 'Saint Helena', 'SHN', 654, 0, 0, 0, NULL, 'saint-helena'),
('SI', 'SLOVENIA', 'Slovenia', 'SVN', 705, 0, 0, 0, NULL, 'slovenia'),
('SJ', 'SVALBARD AND JAN MAYEN', 'Svalbard and Jan Mayen', 'SJM', 744, 0, 0, 0, NULL, 'svalbard-and-jan-mayen'),
('SK', 'SLOVAKIA', 'Slovakia', 'SVK', 703, 0, 0, 0, NULL, 'slovakia'),
('SL', 'SIERRA LEONE', 'Sierra Leone', 'SLE', 694, 0, 0, 0, NULL, 'sierra-leone'),
('SM', 'SAN MARINO', 'San Marino', 'SMR', 674, 0, 0, 0, NULL, 'san-marino'),
('SN', 'SENEGAL', 'Senegal', 'SEN', 686, 0, 0, 0, NULL, 'senegal'),
('SO', 'SOMALIA', 'Somalia', 'SOM', 706, 0, 0, 0, NULL, 'somalia'),
('SR', 'SURINAME', 'Suriname', 'SUR', 740, 0, 0, 0, NULL, 'suriname'),
('ST', 'SAO TOME AND PRINCIPE', 'Sao Tome and Principe', 'STP', 678, 0, 0, 0, NULL, 'sao-tome-and-principe'),
('SV', 'EL SALVADOR', 'El Salvador', 'SLV', 222, 2, 1, 0, NULL, 'el-salvador'),
('SY', 'SYRIAN ARAB REPUBLIC', 'Syrian Arab Republic', 'SYR', 760, 0, 0, 0, NULL, 'syrian-arab-republic'),
('SZ', 'SWAZILAND', 'Swaziland', 'SWZ', 748, 0, 0, 0, NULL, 'swaziland'),
('TC', 'TURKS AND CAICOS ISLANDS', 'Turks and Caicos Islands', 'TCA', 796, 0, 0, 0, NULL, 'turks-and-caicos-islands'),
('TD', 'CHAD', 'Chad', 'TCD', 148, 0, 0, 0, NULL, 'chad'),
('TF', 'FRENCH SOUTHERN TERRITORIES', 'French Southern Territories', NULL, NULL, 0, 0, 0, NULL, 'french-southern-territories'),
('TG', 'TOGO', 'Togo', 'TGO', 768, 0, 0, 0, NULL, 'togo'),
('TH', 'THAILAND', 'Thailand', 'THA', 764, 3, 1, 0, NULL, 'thailand'),
('TJ', 'TAJIKISTAN', 'Tajikistan', 'TJK', 762, 0, 0, 0, NULL, 'tajikistan'),
('TK', 'TOKELAU', 'Tokelau', 'TKL', 772, 0, 0, 0, NULL, 'tokelau'),
('TL', 'TIMOR-LESTE', 'Timor-Leste', NULL, NULL, 0, 0, 0, NULL, 'timor-leste'),
('TM', 'TURKMENISTAN', 'Turkmenistan', 'TKM', 795, 0, 0, 0, NULL, 'turkmenistan'),
('TN', 'TUNISIA', 'Tunisia', 'TUN', 788, 0, 0, 0, NULL, 'tunisia'),
('TO', 'TONGA', 'Tonga', 'TON', 776, 0, 0, 0, NULL, 'tonga'),
('TR', 'TURKEY', 'Turkey', 'TUR', 792, 3, 1, 0, NULL, 'turkey'),
('TT', 'TRINIDAD AND TOBAGO', 'Trinidad and Tobago', 'TTO', 780, 0, 0, 0, NULL, 'trinidad-and-tobago'),
('TV', 'TUVALU', 'Tuvalu', 'TUV', 798, 0, 0, 0, NULL, 'tuvalu'),
('TW', 'TAIWAN, PROVINCE OF CHINA', 'Taiwan, Province of China', 'TWN', 158, 0, 0, 0, NULL, 'taiwan-province-of-china'),
('TZ', 'TANZANIA, UNITED REPUBLIC OF', 'Tanzania, United Republic of', 'TZA', 834, 0, 0, 0, NULL, 'tanzania-united-republic-of'),
('UA', 'UKRAINE', 'Ukraine', 'UKR', 804, 1, 1, 0, NULL, 'ukraine'),
('UG', 'UGANDA', 'Uganda', 'UGA', 800, 0, 0, 0, NULL, 'uganda'),
('UM', 'UNITED STATES MINOR OUTLYING ISLANDS', 'United States Minor Outlying Islands', NULL, NULL, 0, 0, 0, NULL, 'united-states-minor-outlying-islands'),
('US', 'UNITED STATES', 'United States', 'USA', 840, 0, 0, 0, NULL, 'united-states'),
('UY', 'URUGUAY', 'Uruguay', 'URY', 858, 2, 1, 0, NULL, 'uruguay'),
('UZ', 'UZBEKISTAN', 'Uzbekistan', 'UZB', 860, 0, 0, 0, NULL, 'uzbekistan'),
('VA', 'HOLY SEE (VATICAN CITY STATE)', 'Holy See (Vatican City State)', 'VAT', 336, 0, 0, 0, NULL, 'holy-see-vatican-city-state'),
('VC', 'SAINT VINCENT AND THE GRENADINES', 'Saint Vincent and the Grenadines', 'VCT', 670, 0, 0, 0, NULL, 'saint-vincent-and-the-grenadines'),
('VE', 'VENEZUELA', 'Venezuela', 'VEN', 862, 0, 1, 0, NULL, 'venezuela'),
('VG', 'VIRGIN ISLANDS, BRITISH', 'Virgin Islands, British', 'VGB', 92, 0, 0, 0, NULL, 'virgin-islands-british'),
('VI', 'VIRGIN ISLANDS, U.S.', 'Virgin Islands, U.s.', 'VIR', 850, 0, 0, 0, NULL, 'virgin-islands-us'),
('VN', 'VIET NAM', 'Viet Nam', 'VNM', 704, 0, 1, 0, NULL, 'viet-nam'),
('VU', 'VANUATU', 'Vanuatu', 'VUT', 548, 0, 0, 0, NULL, 'vanuatu'),
('WF', 'WALLIS AND FUTUNA', 'Wallis and Futuna', 'WLF', 876, 0, 0, 0, NULL, 'wallis-and-futuna'),
('WS', 'SAMOA', 'Samoa', 'WSM', 882, 0, 0, 0, NULL, 'samoa'),
('YE', 'YEMEN', 'Yemen', 'YEM', 887, 0, 0, 0, NULL, 'yemen'),
('YT', 'MAYOTTE', 'Mayotte', NULL, NULL, 0, 0, 0, NULL, 'mayotte'),
('ZA', 'SOUTH AFRICA', 'South Africa', 'ZAF', 710, 4, 1, 0, NULL, 'south-africa'),
('ZM', 'ZAMBIA', 'Zambia', 'ZMB', 894, 0, 0, 0, NULL, 'zambia'),
('ZW', 'ZIMBABWE', 'Zimbabwe', 'ZWE', 716, 0, 0, 0, NULL, 'zimbabwe');

-- --------------------------------------------------------

--
-- Table structure for table `location_us_states`
--

CREATE TABLE IF NOT EXISTS `location_us_states` (
  `id` int(11) NOT NULL AUTO_INCREMENT,
  `name` varchar(40) NOT NULL,
  `abbrev` varchar(2) NOT NULL,
  `country_id` varchar(3) NOT NULL,
  `url_name` varchar(255) NOT NULL,
  PRIMARY KEY (`id`)
) ENGINE=InnoDB  DEFAULT CHARSET=latin1 AUTO_INCREMENT=67 ;

--
-- Dumping data for table `location_us_states`
--

INSERT INTO `location_us_states` (`id`, `name`, `abbrev`, `country_id`, `url_name`) VALUES
(1, 'Alaska', 'AK', 'US', 'alaska'),
(2, 'Alabama', 'AL', 'US', 'alabama'),
(4, 'Arizona', 'AZ', 'US', 'arizona'),
(5, 'Arkansas', 'AR', 'US', 'arkansas'),
(6, 'California', 'CA', 'US', 'california'),
(7, 'Colorado', 'CO', 'US', 'colorado'),
(8, 'Connecticut', 'CT', 'US', 'connecticut'),
(9, 'Delaware', 'DE', 'US', 'delaware'),
(10, 'District of Columbia', 'DC', 'US', 'district-of-columbia'),
(12, 'Florida', 'FL', 'US', 'florida'),
(13, 'Georgia', 'GA', 'US', 'georgia'),
(14, 'Guam', 'GU', 'US', 'guam'),
(15, 'Hawaii', 'HI', 'US', 'hawaii'),
(16, 'Idaho', 'ID', 'US', 'idaho'),
(17, 'Illinois', 'IL', 'US', 'illinois'),
(18, 'Indiana', 'IN', 'US', 'indiana'),
(19, 'Iowa', 'IA', 'US', 'iowa'),
(20, 'Kansas', 'KS', 'US', 'kansas'),
(21, 'Kentucky', 'KY', 'US', 'kentucky'),
(22, 'Louisiana', 'LA', 'US', 'louisiana'),
(23, 'Maine', 'ME', 'US', 'maine'),
(25, 'Maryland', 'MD', 'US', 'maryland'),
(26, 'Massachusetts', 'MA', 'US', 'massachusetts'),
(27, 'Michigan', 'MI', 'US', 'michigan'),
(28, 'Minnesota', 'MN', 'US', 'minnesota'),
(29, 'Mississippi', 'MS', 'US', 'mississippi'),
(30, 'Missouri', 'MO', 'US', 'missouri'),
(31, 'Montana', 'MT', 'US', 'montana'),
(32, 'Nebraska', 'NE', 'US', 'nebraska'),
(33, 'Nevada', 'NV', 'US', 'nevada'),
(34, 'New Hampshire', 'NH', 'US', 'new-hampshire'),
(35, 'New Jersey', 'NJ', 'US', 'new-jersey'),
(36, 'New Mexico', 'NM', 'US', 'new-mexico'),
(37, 'New York', 'NY', 'US', 'new-york'),
(38, 'North Carolina', 'NC', 'US', 'north-carolina'),
(39, 'North Dakota', 'ND', 'US', 'north-dakota'),
(41, 'Ohio', 'OH', 'US', 'ohio'),
(42, 'Oklahoma', 'OK', 'US', 'oklahoma'),
(43, 'Oregon', 'OR', 'US', 'oregon'),
(45, 'Pennsylvania', 'PA', 'US', 'pennsylvania'),
(47, 'Rhode Island', 'RI', 'US', 'rhode-island'),
(48, 'South Carolina', 'SC', 'US', 'south-carolina'),
(49, 'South Dakota', 'SD', 'US', 'south-dakota'),
(50, 'Tennessee', 'TN', 'US', 'tennessee'),
(51, 'Texas', 'TX', 'US', 'texas'),
(52, 'Utah', 'UT', 'US', 'utah'),
(53, 'Vermont', 'VT', 'US', 'vermont'),
(54, 'Virgin Islands', 'VI', 'US', 'virgin-islands'),
(55, 'Virginia', 'VA', 'US', 'virginia'),
(56, 'Washington', 'WA', 'US', 'washington'),
(57, 'West Virginia', 'WV', 'US', 'west-virginia'),
(58, 'Wisconsin', 'WI', 'US', 'wisconsin'),
(59, 'Wyoming', 'WY', 'US', 'wyoming'),
(66, 'Puerto Rico', 'PR', 'US', 'puerto-rico');

-- --------------------------------------------------------

--
-- Table structure for table `post_ad`
--

CREATE TABLE IF NOT EXISTS `post_ad` (
  `id` int(20) NOT NULL AUTO_INCREMENT,
  `user_id` int(20) NOT NULL,
  `post_num_id` varchar(20) NOT NULL,
  `category_id` int(20) NOT NULL,
  `location_id` varchar(20) NOT NULL,
  `title` varchar(255) NOT NULL,
  `price` int(11) NOT NULL,
  `description` text NOT NULL,
  `rent` varchar(20) DEFAULT NULL,
  `rooms` int(20) DEFAULT NULL,
  `email` varchar(255) NOT NULL,
  `is_anonymous_email` tinyint(1) NOT NULL DEFAULT '0',
  `anonymous_email` varchar(255) NOT NULL,
  `is_show_username` tinyint(1) NOT NULL DEFAULT '0',
  `is_allow_text_chat` tinyint(1) NOT NULL DEFAULT '0',
  `is_allow_text_message` tinyint(1) NOT NULL DEFAULT '0',
  `address` tinytext,
  `map_address` tinytext,
  `video_link` varchar(255) DEFAULT NULL,
  `created_at` timestamp NOT NULL DEFAULT CURRENT_TIMESTAMP,
  `updated_at` datetime NOT NULL,
  `expired_at` datetime NOT NULL,
  `latitude` decimal(12,6) NOT NULL,
  `longitude` decimal(12,6) NOT NULL,
  `post_status` tinyint(1) NOT NULL DEFAULT '0',
  `delete_status` tinyint(1) NOT NULL DEFAULT '0',
  `url_name` varchar(255) NOT NULL,
  PRIMARY KEY (`id`)
) ENGINE=InnoDB  DEFAULT CHARSET=latin1 AUTO_INCREMENT=11 ;

--
-- Dumping data for table `post_ad`
--

INSERT INTO `post_ad` (`id`, `user_id`, `post_num_id`, `category_id`, `location_id`, `title`, `price`, `description`, `rent`, `rooms`, `email`, `is_anonymous_email`, `anonymous_email`, `is_show_username`, `is_allow_text_chat`, `is_allow_text_message`, `address`, `map_address`, `video_link`, `created_at`, `updated_at`, `expired_at`, `latitude`, `longitude`, `post_status`, `delete_status`, `url_name`) VALUES
(2, 1, '1DD7A02A', 116, '165', 'Events', 0, 'lorem ipsum', '', 0, 'rizki.a.aprilian@gmail.com', 0, '1dd7a02a@amyslist.us', 0, 0, 0, 'Central LA, Los Angeles', 'Central LA, Los Angeles', '', '2014-08-29 18:14:52', '0000-00-00 00:00:00', '2014-09-28 20:14:52', '34.068675', '-118.322817', 0, 0, 'events'),
(3, 1, '2D4B07F4', 48, '171', 'Employment of cichago', 0, 'Lorem Ipsum is simply dummy text of the printing and typesetting industry. Lorem Ipsum has been the industry''s standard dummy text ever since the 1500s, when an unknown printer took a galley of type and scrambled it to make a type specimen book. It has survived not only five centuries, but also the leap into electronic typesetting, remaining essentially unchanged. It was popularised in the 1960s with the release of Letraset sheets containing Lorem Ipsum passages, and more recently with desktop publishing software like Aldus PageMaker including versions of Lorem Ipsum.', '', 0, 'rizki.a.aprilian@gmail.com', 0, '2d4b07f4@amyslist.us', 0, 0, 0, 'Chicagoland North, Cichago US', 'Chicagoland North, Cichago US', '', '2014-08-30 08:53:50', '0000-00-00 00:00:00', '2014-09-29 10:53:50', '41.889905', '-87.628449', 0, 1, 'employment-of-cichago'),
(4, 1, 'E40DEB0E', 48, '251', 'Alaska job', 0, 'lorem ipsum', '', 0, 'rizki.a.aprilian@gmail.com', 0, 'e40deb0e@amyslist.us', 0, 0, 0, 'Fairbanks / College, Alaska, US', 'Fairbanks / College, Alaska, US', '', '2014-08-30 08:58:52', '0000-00-00 00:00:00', '2014-09-29 10:58:52', '64.817726', '-147.867593', 1, 0, 'alaska-job'),
(5, 1, '58A68975', 48, '175', 'job Arizona', 0, 'lorem ipsum', '', 0, 'rizki.a.aprilian@gmail.com', 0, '58a68975@amyslist.us', 1, 1, 0, 'East Valley Phoenix, Arizona', 'East Valley Phoenix, Arizona', '', '2014-08-30 09:00:59', '0000-00-00 00:00:00', '2014-09-29 11:00:59', '33.544398', '-111.927222', 0, 0, 'job-arizona'),
(6, 1, '426AE162', 82, '164', 'Awagan bae wis', 0, 'lorem ipsum', '', 0, 'rizki.a.aprilian@gmail.com', 0, '426ae162@amyslist.us', 1, 0, 0, 'San Gabriel Valley, Los Angeles', 'San Gabriel Valley, Los Angeles', 'http://www.youtube.com/watch?v=iqU3uMCG8EA', '2014-07-30 11:17:43', '0000-00-00 00:00:00', '2014-09-29 13:17:43', '34.051339', '-117.858472', 1, 0, 'awagan-bae-wis'),
(7, 1, '094576D5', 116, '165', 'Events updated', 0, 'lorem ipsum updated', '', 0, 'rizki.a.aprilian@gmail.com', 1, '094576d5@amyslist.us', 1, 1, 0, 'Central LA, Los Angeles', 'Central LA, Los Angeles', '', '2014-08-30 14:51:13', '0000-00-00 00:00:00', '2014-09-29 16:51:13', '34.068675', '-118.322817', 0, 0, 'events-updated'),
(8, 1, 'BA7381AF', 116, '165', 'Events updated', 0, 'lorem ipsum updated', '', 0, 'rizki.a.aprilian@gmail.com', 1, 'ba7381af@amyslist.us', 1, 1, 0, 'Central LA, Los Angeles', 'Central LA, Los Angeles', '', '2014-08-30 15:00:08', '0000-00-00 00:00:00', '2014-09-29 17:00:08', '34.068675', '-118.322817', 0, 1, 'events-updated'),
(9, 1, '47E8C9C9', 116, '165', 'Events updated', 0, 'lorem ipsum updated', '', 0, 'rizki.a.aprilian@gmail.com', 1, '47e8c9c9@amyslist.us', 1, 1, 0, 'Central LA, Los Angeles', 'Central LA, Los Angeles', '', '2014-08-30 15:06:11', '0000-00-00 00:00:00', '2014-09-29 17:06:11', '34.068675', '-118.322817', 0, 1, 'events-updated'),
(10, 1, '5EB09CF6', 47, '25', 'Employment of cichago', 0, 'lorem ipsum', '', 0, 'rizki.a.aprilian@gmail.com', 1, '5eb09cf6@amyslist.us', 1, 1, 0, 'Tucson, Arizona', 'Tucson, Arizona', 'http://www.youtube.com/watch?v=iqU3uMCG8EA', '2014-08-30 15:38:44', '0000-00-00 00:00:00', '2014-09-29 17:38:44', '32.221743', '-110.926479', 0, 0, 'employment-of-cichago');

-- --------------------------------------------------------

--
-- Table structure for table `post_ad_images`
--

CREATE TABLE IF NOT EXISTS `post_ad_images` (
  `id` bigint(20) NOT NULL AUTO_INCREMENT,
  `post_ad_id` int(20) NOT NULL,
  `image_path` varchar(255) NOT NULL,
  `image_description` text,
  PRIMARY KEY (`id`)
) ENGINE=InnoDB  DEFAULT CHARSET=latin1 AUTO_INCREMENT=24 ;

--
-- Dumping data for table `post_ad_images`
--

INSERT INTO `post_ad_images` (`id`, `post_ad_id`, `image_path`, `image_description`) VALUES
(2, 2, 'uploads/post/93e5d372a056c41572f14968c08f5ce4.png', 'photo 2'),
(3, 2, 'uploads/post/c77380f39e4b65842eea7a3d8e00ce8d.png', 'photo 3'),
(4, 2, 'uploads/post/1253140319ae33cd59585cd260ca906e.png', 'photo_id 4'),
(5, 3, 'uploads/post/e44e7dc4507398aee4a61963e2d864a02.png', 'sas'),
(6, 3, 'uploads/post/c40fdd0f6b6fe95081e86ade96355646.png', 'des1'),
(7, 3, 'uploads/post/c77380f39e4b65842eea7a3d8e00ce8d1.png', 'scr2'),
(8, 3, 'uploads/post/561a130277e6f577324974f9bef028021.png', 'ss'),
(9, 4, 'uploads/post/e44e7dc4507398aee4a61963e2d864a03.png', 'sas'),
(10, 4, 'uploads/post/1253140319ae33cd59585cd260ca906e1.png', 'asasa'),
(11, 5, 'uploads/post/ba7b3b3592ff62da46189a441704ea331.png', 'asas'),
(12, 5, 'uploads/post/561a130277e6f577324974f9bef028022.png', 'asas'),
(13, 6, 'uploads/post/2b9c2e199f0ab7d30871ba05021a82d1.png', 'twitter'),
(14, 8, 'uploads/post/ba7b3b3592ff62da46189a441704ea332.png', 'id 7'),
(15, 8, 'uploads/post/c40fdd0f6b6fe95081e86ade963556461.png', 'id 7-2'),
(16, 9, 'uploads/post/ba7b3b3592ff62da46189a441704ea333.png', 'id 7'),
(17, 8, 'uploads/post/c40fdd0f6b6fe95081e86ade963556462.png', 'id 7'),
(18, 8, 'uploads/post/c40fdd0f6b6fe95081e86ade963556463.png', 'id 7'),
(19, 8, 'uploads/post/b4eacf16640b21fa01edf4df31d52733.png', 'id 7-2'),
(20, 7, 'uploads/post/846acd27d884cab6194b04107db33eeb.png', 'as'),
(21, 7, 'uploads/post/846acd27d884cab6194b04107db33eeb1.png', 'as'),
(22, 10, 'uploads/post/d3ad130d786d671311830d3ea0c082d41.png', 'asa'),
(23, 10, 'uploads/post/846acd27d884cab6194b04107db33eeb2.png', 'saas');

-- --------------------------------------------------------

--
-- Table structure for table `user`
--

CREATE TABLE IF NOT EXISTS `user` (
  `id` bigint(20) NOT NULL AUTO_INCREMENT,
  `username` varchar(40) NOT NULL,
  `password` varchar(40) NOT NULL,
  `email` varchar(255) NOT NULL,
  `first_name` varchar(40) NOT NULL,
  `last_name` varchar(40) NOT NULL,
  `phone_number` varchar(20) DEFAULT NULL,
  `address` tinytext,
  `country` varchar(40) DEFAULT NULL,
  `city` varchar(40) DEFAULT NULL,
  `zip_code` varchar(10) DEFAULT NULL,
  `sex` char(1) DEFAULT NULL,
  `website` varchar(255) DEFAULT NULL,
  `dob` date DEFAULT NULL,
  `show_year` tinyint(1) NOT NULL DEFAULT '1',
  `show_dob` tinyint(1) NOT NULL DEFAULT '1',
  `current_city` varchar(40) DEFAULT NULL,
  `home_town` varchar(40) DEFAULT NULL,
  `interest` tinytext,
  `religion` varchar(40) DEFAULT NULL,
  `politics` varchar(40) DEFAULT NULL,
  `biography` text,
  `profpic` varchar(255) DEFAULT 'uploads/noimages.jpg',
  `created_at` timestamp NOT NULL DEFAULT CURRENT_TIMESTAMP,
  `updated_at` datetime DEFAULT NULL,
  `wall_setting` tinyint(1) NOT NULL DEFAULT '1',
  `login_status` tinyint(1) NOT NULL DEFAULT '0',
  `last_login` datetime DEFAULT NULL,
  `notify_email` tinyint(1) NOT NULL DEFAULT '1',
  `notify_friend_request` tinyint(1) NOT NULL DEFAULT '1',
  `notify_inbox_message` tinyint(1) NOT NULL DEFAULT '1',
  `notify_wall_post` tinyint(1) NOT NULL DEFAULT '1',
  `notify_comment_wall` tinyint(1) NOT NULL DEFAULT '1',
  `notify_comment_video` tinyint(1) NOT NULL DEFAULT '1',
  `notify_like` tinyint(1) NOT NULL DEFAULT '1',
  `notify_comment_photo` tinyint(1) NOT NULL DEFAULT '1',
  `notify_tag` tinyint(1) NOT NULL DEFAULT '1',
  `like_count` bigint(20) NOT NULL DEFAULT '2',
  PRIMARY KEY (`id`)
) ENGINE=InnoDB  DEFAULT CHARSET=latin1 AUTO_INCREMENT=2 ;

--
-- Dumping data for table `user`
--

INSERT INTO `user` (`id`, `username`, `password`, `email`, `first_name`, `last_name`, `phone_number`, `address`, `country`, `city`, `zip_code`, `sex`, `website`, `dob`, `show_year`, `show_dob`, `current_city`, `home_town`, `interest`, `religion`, `politics`, `biography`, `profpic`, `created_at`, `updated_at`, `wall_setting`, `login_status`, `last_login`, `notify_email`, `notify_friend_request`, `notify_inbox_message`, `notify_wall_post`, `notify_comment_wall`, `notify_comment_video`, `notify_like`, `notify_comment_photo`, `notify_tag`, `like_count`) VALUES
(1, 'amyadmin', '5baa61e4c9b93f3f0682250b6cf8331b7ee68fd8', 'amyslistceo@gmail.com', 'Amy', 'Admin', NULL, 'Manhattan', NULL, 'New York City', NULL, NULL, NULL, NULL, 1, 1, NULL, NULL, NULL, NULL, NULL, NULL, 'uploads/noimages.jpg', '2014-08-28 13:30:31', NULL, 1, 0, NULL, 1, 1, 1, 1, 1, 1, 1, 1, 1, 2);

-- --------------------------------------------------------

--
-- Table structure for table `user_like`
--

CREATE TABLE IF NOT EXISTS `user_like` (
  `id` bigint(40) NOT NULL AUTO_INCREMENT,
  `user_id` bigint(20) NOT NULL,
  `liked_by` bigint(20) NOT NULL,
  `liked_sent_date` timestamp NOT NULL DEFAULT CURRENT_TIMESTAMP,
  PRIMARY KEY (`id`)
) ENGINE=InnoDB DEFAULT CHARSET=latin1 AUTO_INCREMENT=1 ;

-- --------------------------------------------------------

--
-- Table structure for table `user_notifications`
--

CREATE TABLE IF NOT EXISTS `user_notifications` (
  `notification_id` bigint(20) NOT NULL AUTO_INCREMENT,
  `user_id` int(20) NOT NULL,
  `date_added` timestamp NOT NULL DEFAULT CURRENT_TIMESTAMP,
  `from_id` int(20) NOT NULL,
  `message` text NOT NULL,
  `unread_status` tinyint(1) NOT NULL DEFAULT '1',
  `delete_status` tinyint(1) NOT NULL DEFAULT '0',
  PRIMARY KEY (`notification_id`)
) ENGINE=InnoDB  DEFAULT CHARSET=latin1 AUTO_INCREMENT=37 ;

--
-- Dumping data for table `user_notifications`
--

INSERT INTO `user_notifications` (`notification_id`, `user_id`, `date_added`, `from_id`, `message`, `unread_status`, `delete_status`) VALUES
(1, 56, '2014-07-31 10:15:04', 52, '<p><a class="profile-link" href="#">Amy Admin</a> Thanks for posting an ad! Check your <a href="http://www.amyslist.us/new/ad-posted.php">Ads Posted page</a> on to edit, review, or delete your <a href="http://www.amyslist.us/new/editPost.php?postid=XXXX">ad post</a></p>', 1, 0),
(2, 56, '2014-08-19 06:48:29', 56, '<p><a class="profile-link" href="#">Amy Admin</a> Thanks for posting an ad! Check your <a href="http://www.amyslist.us/new/ad-posted.php">Ads Posted page</a> on to edit, review, or delete your <a href="http://www.amyslist.us/new/editPost.php?postid=298">ad post</a></p>', 1, 0),
(3, 347, '2014-08-22 08:48:23', 52, 'This is dummy message after someone click liked button in my profile page', 1, 0),
(4, 347, '2014-08-22 08:48:23', 56, 'This is dummy message after someone click liked button in my profile page', 1, 0),
(5, 348, '2014-08-22 08:49:18', 52, 'This is dummy message after someone click liked button in my profile page', 1, 0),
(6, 348, '2014-08-22 08:49:18', 56, 'This is dummy message after someone click liked button in my profile page', 1, 0),
(7, 349, '2014-08-22 09:10:50', 52, 'This is dummy message after someone click liked button in my profile page', 1, 0),
(8, 349, '2014-08-22 09:10:50', 56, 'This is dummy message after someone click liked button in my profile page', 1, 0),
(9, 350, '2014-08-22 09:14:01', 52, 'This is dummy message after someone click liked button in my profile page', 1, 0),
(10, 350, '2014-08-22 09:14:01', 56, 'This is dummy message after someone click liked button in my profile page', 1, 0),
(11, 351, '2014-08-22 09:16:56', 52, 'This is dummy message after someone click liked button in my profile page', 1, 0),
(12, 351, '2014-08-22 09:16:56', 56, 'This is dummy message after someone click liked button in my profile page', 1, 0),
(13, 352, '2014-08-22 09:17:41', 52, 'This is dummy message after someone click liked button in my profile page', 1, 0),
(14, 352, '2014-08-22 09:17:41', 56, 'This is dummy message after someone click liked button in my profile page', 1, 0),
(15, 362, '2014-08-23 07:21:36', 52, 'This is dummy message after someone click liked button in my profile page', 1, 0),
(16, 362, '2014-08-23 07:21:36', 56, 'This is dummy message after someone click liked button in my profile page', 1, 0),
(17, 363, '2014-08-23 07:28:50', 52, '<p>\r\n					<a class="profile-link" href="userProfile.php?id=52">chrismanhattan</a> liked your <a href="userProfile.php">profile</a>\r\n				</p>', 0, 0),
(18, 363, '2014-08-23 07:28:50', 56, '<p>\r\n					<a class="profile-link" href="userProfile.php?id=56">amyadmin</a> liked your <a href="userProfile.php">profile</a>\r\n				</p>', 0, 0),
(19, 364, '2014-08-23 08:15:29', 52, '<p>\r\n					<a class="profile-link" href="profile.php?id=52">chrismanhattan</a> liked your <a href="userProfile.php">profile</a>\r\n				</p>', 0, 0),
(20, 364, '2014-08-23 08:15:29', 56, '<p>\r\n					<a class="profile-link" href="profile.php?id=56">amyadmin</a> liked your <a href="userProfile.php">profile</a>\r\n				</p>', 0, 0),
(21, 365, '2014-08-24 08:42:43', 52, '<p>\r\n					<a class="profile-link" href="profile.php?id=52">chrismanhattan</a> liked your <a href="userProfile.php">profile</a>\r\n				</p>', 1, 0),
(22, 365, '2014-08-24 08:42:43', 56, '<p>\r\n					<a class="profile-link" href="profile.php?id=56">amyadmin</a> liked your <a href="userProfile.php">profile</a>\r\n				</p>', 1, 0),
(23, 366, '2014-08-25 06:42:06', 52, '<p>\r\n					<a class="profile-link" href="profile.php?id=52">chrismanhattan</a> liked your <a href="userProfile.php">profile</a>\r\n				</p>', 1, 0),
(24, 366, '2014-08-25 06:42:06', 56, '<p>\r\n					<a class="profile-link" href="profile.php?id=56">amyadmin</a> liked your <a href="userProfile.php">profile</a>\r\n				</p>', 1, 0),
(25, 367, '2014-08-25 07:00:41', 52, '<p>\r\n					<a class="profile-link" href="profile.php?id=52">chrismanhattan</a> liked your <a href="userProfile.php">profile</a>\r\n				</p>', 1, 0),
(26, 367, '2014-08-25 07:00:41', 56, '<p>\r\n					<a class="profile-link" href="profile.php?id=56">amyadmin</a> liked your <a href="userProfile.php">profile</a>\r\n				</p>', 1, 0),
(27, 368, '2014-08-25 07:01:59', 52, '<p>\r\n					<a class="profile-link" href="profile.php?id=52">chrismanhattan</a> liked your <a href="userProfile.php">profile</a>\r\n				</p>', 1, 0),
(28, 368, '2014-08-25 07:01:59', 56, '<p>\r\n					<a class="profile-link" href="profile.php?id=56">amyadmin</a> liked your <a href="userProfile.php">profile</a>\r\n				</p>', 1, 0),
(29, 369, '2014-08-25 07:10:27', 52, '<p>\r\n					<a class="profile-link" href="profile.php?id=52">chrismanhattan</a> liked your <a href="userProfile.php">profile</a>\r\n				</p>', 1, 0),
(30, 369, '2014-08-25 07:10:27', 56, '<p>\r\n					<a class="profile-link" href="profile.php?id=56">amyadmin</a> liked your <a href="userProfile.php">profile</a>\r\n				</p>', 1, 0),
(31, 1, '2014-08-29 19:22:35', 1, '<p><a class="profile-link" href="http://amyslist.local/user/profile/56">Amy Admin</a> Thanks for posting an ad! Check your <a href="http://www.amyslist.us/ads/posted/">Ads Posted page</a> on to edit, review, or delete your <a href="http://www.amyslist.us/ads/posted/edit/2">ad post</a></p>', 0, 0),
(32, 1, '2014-08-30 09:03:31', 1, '<p><a class="profile-link" href="http://amyslist.local/user/profile/56">Amy Admin</a> Thanks for posting an ad! Check your <a href="http://www.amyslist.us/ads/posted/">Ads Posted page</a> on to edit, review, or delete your <a href="http://www.amyslist.us/ads/posted/edit/5">ad post</a></p>', 0, 0),
(33, 1, '2014-08-30 11:17:58', 56, '<p><a class="profile-link" href="http://amyslist.local/user/profile/56">Amy Admin</a> Thanks for posting an ad! Check your <a href="http://www.amyslist.us/ads/posted/">Ads Posted page</a> on to edit, review, or delete your <a href="http://www.amyslist.us/ads/posted/edit/6">ad post</a></p>', 0, 0),
(34, 1, '2014-08-30 15:15:29', 56, '<p><a class="profile-link" href="http://amyslist.local/user/profile/56">Amy Admin</a> Thanks for posting an ad! Check your <a href="http://www.amyslist.us/ads/posted/">Ads Posted page</a> on to edit, review, or delete your <a href="http://www.amyslist.us/ads/posted/edit/4">ad post</a></p>', 0, 0),
(35, 1, '2014-08-30 15:17:33', 56, '<p><a class="profile-link" href="http://amyslist.local/user/profile/56">Amy Admin</a> Thanks for posting an ad! Check your <a href="http://www.amyslist.us/ads/posted/">Ads Posted page</a> on to edit, review, or delete your <a href="http://www.amyslist.us/ads/posted/edit/5">ad post</a></p>', 0, 0),
(36, 1, '2014-08-30 15:20:14', 56, '<p><a class="profile-link" href="http://amyslist.local/user/profile/56">Amy Admin</a> Thanks for posting an ad! Check your <a href="http://www.amyslist.us/ads/posted/">Ads Posted page</a> on to edit, review, or delete your <a href="http://www.amyslist.us/ads/posted/edit/5">ad post</a></p>', 0, 0);

-- --------------------------------------------------------

--
-- Table structure for table `user_photos`
--

CREATE TABLE IF NOT EXISTS `user_photos` (
  `id` bigint(20) NOT NULL AUTO_INCREMENT,
  `user_id` int(20) NOT NULL,
  `image_path` varchar(255) NOT NULL,
  `image_description` text,
  `upload_at` timestamp NOT NULL DEFAULT CURRENT_TIMESTAMP,
  PRIMARY KEY (`id`)
) ENGINE=InnoDB DEFAULT CHARSET=latin1 AUTO_INCREMENT=1 ;

/*!40101 SET CHARACTER_SET_CLIENT=@OLD_CHARACTER_SET_CLIENT */;
/*!40101 SET CHARACTER_SET_RESULTS=@OLD_CHARACTER_SET_RESULTS */;
/*!40101 SET COLLATION_CONNECTION=@OLD_COLLATION_CONNECTION */;
